experiment,solver,formula,variables,clauses,runtime,conflicts,decisions,restarts,propagations
exp2,COMiniSatPS-6,40bits_10.dimacs.cnf,446,12980,61.0787,224458,255797,475,16165613
exp1,glucose,mrpp_4x4#10_9.cnf,1976,12182,1.22381,31857,65451,224,1595885
exp2,COMiniSatPS-2,manthey_single-ordered-initialized-w14-b7.cnf,1225,6781,0.005999,143,534,1,27335
exp5,wrapper-base,vmpc_29.cnf,841,120147,302.586,1795003,3533525,6755,238167556
exp4,wrapper-luby,manthey_DimacsSorter_28_4.cnf,3666,11883,100.241,608411,736758,1278,199892223
exp2,COMiniSatPS-6,46bits_12.dimacs.cnf,697,17080,381.984,860019,1000774,1883,91529860
exp2,lingeling-aqw,46bits_11.dimacs.cnf,689,16922,524.3,1767792,1996172,,167469420
exp1,glucose-NR,mrpp_6x6#10_8.cnf,3893,25462,0.135979,5740,25432,25,228019
exp2,COMiniSatPS-5,44bits_11.dimacs.cnf,609,15417,233.193,708534,817562,2347,60994676
exp1,glucose-NR,manthey_DimacsSorterHalf_28_4.cnf,3666,11883,609.057,819384,976125,2091,227234517
exp2,SWDiA5BY,46bits_14.dimacs.cnf,690,16938,570.218,1296292,1474150,3231,126764717
exp5,wrapper-60,mrpp_4x4#10_9.cnf,1976,12182,6.48301,84820,153212,529,5000468
exp2,COMiniSatPS-4,mrpp_6x6#10_8.cnf,3893,25462,0.172973,5956,111957,36,922951
exp4,wrapper-glucose,manthey_DimacsSorterHalf_30_3.cnf,3740,11875,31.3482,174411,229442,704,53920717
exp2,lingeling-ayv,46bits_11.dimacs.cnf,689,16922,12.6,37488,53312,,2319976
exp1,glucose,manthey_DimacsSorterHalf_30_3.cnf,3740,11875,50.7953,281651,345181,650,71234161
exp2,COMiniSatPS-6,manthey_DimacsSorter_28_4.cnf,3666,11883,187.261,785828,931036,1602,352365246
exp2,COMiniSatPS-4,manthey_DimacsSorter_28_0.cnf,3986,13057,14.9517,76424,105301,451,40519533
exp2,COMiniSatPS-1,manthey_DimacsSorter_28_4.cnf,3666,11883,194.338,899725,1057418,1406,404473043
exp5,wrapper-base,46bits_12.dimacs.cnf,697,17080,457.291,1086355,1242151,3042,107368457
exp3,wrapperClause,38bits_10.dimacs.cnf,448,12700,17.4124,100962,122620,391,5387535
exp2,COMiniSatPS-0,48bits_14.dimacs.cnf,688,18150,961.07,1757740,2042117,4857,175578617
exp2,COMiniSatPS-0,manthey_DimacsSorter_35_1.cnf,6945,23459,1082.84,3006874,3731253,5937,2021212828
exp2,COMiniSatPS-2,manthey_single-ordered-initialized-w48-b8.cnf,11520,89110,35.5176,127681,265127,441,162530796
exp2,lingeling-aqw,mrpp_4x4#6_20.cnf,4188,22548,3.6,15376,338047,,2735312
exp1,glucose-NR,manthey_DimacsSorter_28_0.cnf,3986,13057,2.6096,19699,28782,82,6750874
exp2,lingeling-ayv,mrpp_6x6#10_10.cnf,4931,32639,1.9,5045,140732,,1030288
exp2,COMiniSatPS-2,manthey_DimacsSorter_28_0.cnf,3986,13057,26.8529,99916,136353,576,51854608
exp2,lingeling-ayv,manthey_DimacsSorter_30_6.cnf,3638,11677,62.9,420181,548230,,104853230
exp2,lingeling-ayv,mrpp_8x8#22_11.cnf,9854,79956,47.0,216318,1360776,,32980205
exp2,COMiniSatPS-5,manthey_single-ordered-initialized-w12-b6.cnf,792,4096,0.003999,88,256,1,9936
exp5,wrapper-95,manthey_DimacsSorter_32_1.cnf,4927,16333,69.2675,413068,551028,1195,193616290
exp5,wrapper-base,46bits_14.dimacs.cnf,690,16938,145.793,600429,789105,2205,31320566
exp3,wrapperLBD,vmpc_33.cnf,1089,177375,186.32,1238426,2893673,6987,206668089
exp5,wrapper-base,manthey_single-ordered-initialized-w48-b8.cnf,11520,89110,50.7473,169419,373059,547,123410434
exp2,COMiniSatPS-5,40bits_10.dimacs.cnf,446,12980,36.7064,234944,274595,367,14949163
exp3,wrapperClause,gss-18-s100.cnf,31364,94069,72.458,47028,54678,46,231380595
exp2,glucose,manthey_single-ordered-initialized-w20-b10.cnf,3400,21268,0.103984,785,4686,6,219816
exp5,wrapper-95,mrpp_6x6#10_8.cnf,3893,25462,0.293955,9842,48500,55,462593
exp1,glucose,mrpp_6x6#10_10.cnf,4931,32359,0.554915,30139,229715,105,1631434
exp2,COMiniSatPS-1,manthey_DimacsSorter_30_4.cnf,3723,11743,131.568,582978,680605,528,249785185
exp1,glucose,manthey_single-ordered-initialized-w20-b10.cnf,3400,21268,0.100984,785,4686,6,219816
exp2,SWDiA5BY,46bits_12.dimacs.cnf,697,17080,480.028,1120662,1259122,2215,111065898
exp2,COMiniSatPS-4,manthey_DimacsSorter_30_5.cnf,3843,12306,97.2902,559067,679761,1039,233065841
exp2,COMiniSatPS-5,mrpp_8x8#22_11.cnf,9854,79376,98.1911,683976,2065506,3809,129821715
exp1,glucose-NR,42bits_12.dimacs.cnf,538,14509,214.934,316942,380080,589,20420339
exp2,COMiniSatPS-1,manthey_DimacsSorter_30_1.cnf,3606,11560,61.9936,392336,470249,491,163322455
exp2,COMiniSatPS-0,aes_32_3_keyfind_1.cnf,708,2540,29955.8,63606216,67879733,118900,7527975091
exp2,glucose,mrpp_4x4#10_9.cnf,1976,12182,1.26581,31857,65451,224,1595885
exp2,COMiniSatPS-2,48bits_14.dimacs.cnf,688,18150,2297.93,5711803,6416378,11348,616092615
exp2,lingeling-ayv,manthey_DimacsSorterHalf_30_7.cnf,3922,12464,33.2,225737,326086,,61578076
exp5,wrapper-95,manthey_DimacsSorter_30_5.cnf,3843,12306,122.41,795321,1003909,1966,250924482
exp2,COMiniSatPS-4,manthey_DimacsSorter_35_7.cnf,6838,23203,466.986,1722546,2098998,2397,1160657449
exp2,lingeling-aqw,manthey_DimacsSorter_28_7.cnf,3507,11386,145.8,737785,1257989,,178641797
exp4,wrapper-glucose,mrpp_6x6#10_8.cnf,3893,25462,0.19597,5307,27649,29,214442
exp5,wrapper-base,manthey_DimacsSorter_30_5.cnf,3843,12306,120.438,604455,766377,1713,178271373
exp1,glucose-NR,manthey_DimacsSorterHalf_30_7.cnf,3922,12464,227.742,520221,633441,1621,138957695
exp2,glucose,manthey_DimacsSorterHalf_32_1.cnf,4927,16333,327.43,1103972,1480865,4928,395586456
exp2,lingeling-ayv,manthey_single-ordered-initialized-w20-b10.cnf,3400,24005,0.6,431,3199,,86441
exp2,lingeling-ayv,manthey_DimacsSorter_32_1.cnf,4927,16333,257.0,1213454,1526485,,394644736
exp1,glucose-NR,manthey_DimacsSorter_28_4.cnf,3666,11883,610.64,819384,976125,2091,227234517
exp4,wrapper-glucose,38bits_10.dimacs.cnf,448,12700,25.8161,169350,203083,439,9878635
exp2,lingeling-ayv,gss-18-s100.cnf,31364,94269,97.3,49374,65306,,251019084
exp3,wrapperClause,aes_32_3_keyfind_1.cnf,708,2540,70.7342,508804,573665,1581,28301186
exp4,wrapper-luby,manthey_DimacsSorterHalf_28_4.cnf,3666,11883,133.857,608411,736758,1278,199892223
exp5,wrapper-60,manthey_single-ordered-initialized-w48-b8.cnf,11520,89110,27.7328,104069,282239,426,71612974
exp2,COMiniSatPS-0,manthey_single-ordered-initialized-w54-b9.cnf,16281,128527,3.85441,9767,39616,58,14410455
exp2,COMiniSatPS-5,48bits_14.dimacs.cnf,688,18150,628.272,1136525,1342059,2045,103996040
exp2,SWDiA5BY,manthey_DimacsSorterHalf_32_1.cnf,4927,16333,1959.07,8265977,10472195,29400,2743653250
exp2,COMiniSatPS-4,manthey_single-ordered-initialized-w48-b8.cnf,11520,89110,103.151,326335,586707,934,407564413
exp2,glucose,manthey_DimacsSorter_28_3.cnf,3553,11381,70.7772,333942,403940,892,95183705
exp2,lingeling-aqw,42bits_12.dimacs.cnf,538,14509,21.6,117811,146530,,7535141
exp3,wrapperLBD,manthey_DimacsSorter_28_7.cnf,3507,11386,50.4693,279471,360357,1258,90428989
exp2,lingeling-ayv,mrpp_4x4#4_5.cnf,963,5077,0.1,39,706,,1499
exp5,wrapper-base,manthey_DimacsSorterHalf_30_0.cnf,3612,11612,84.7061,426411,534927,1253,125057611
exp1,glucose-NR,manthey_DimacsSorter_28_7.cnf,3507,11386,74.2557,212180,266653,804,57628997
exp3,wrapperLBD,manthey_DimacsSorter_30_1.cnf,3606,11560,67.6807,363136,469814,1223,108657832
exp5,wrapper-60,46bits_12.dimacs.cnf,697,17080,1042.42,1710065,2065949,4075,139866680
exp2,lingeling-ayv,mrpp_4x4#8_8.cnf,1744,11025,0.4,3077,20853,,256684
exp4,wrapper-glucose,manthey_single-ordered-initialized-w20-b10.cnf,3400,21268,0.119981,1090,4467,10,243312
exp5,wrapper-base,manthey_single-ordered-initialized-w14-b7.cnf,1225,6781,0.029995,287,1000,2,22076
exp4,wrapper-glucose,mrpp_6x6#10_10.cnf,4931,32359,0.693894,21732,145281,127,1107540
exp2,COMiniSatPS-2,manthey_DimacsSorter_30_1.cnf,3606,11560,60.7278,374522,451620,459,154875810
exp4,wrapper-glucose,manthey_DimacsSorter_30_5.cnf,3843,12306,94.1787,613482,783330,1887,182309610
exp1,glucose,44bits_11.dimacs.cnf,609,15417,857.099,2453439,2827430,3493,166162148
exp2,COMiniSatPS-0,manthey_single-ordered-initialized-w20-b10.cnf,3400,21268,0.05999,769,2628,1,284122
exp2,lingeling-ayv,manthey_DimacsSorter_28_0.cnf,3986,13057,28.6,147243,185986,,44233434
exp2,COMiniSatPS-4,mrpp_6x6#10_10.cnf,4931,32359,0.614906,11203,235029,101,2063183
exp4,wrapper-luby,manthey_single-ordered-initialized-w12-b6.cnf,792,4096,0.014997,111,519,2,6573
exp2,lingeling-aqw,manthey_DimacsSorter_28_3.cnf,3553,11381,249.0,884778,1513946,,222062512
exp5,wrapper-95,manthey_single-ordered-initialized-w20-b10.cnf,3400,21268,0.076988,1092,4933,10,217187
exp2,COMiniSatPS-1,manthey_DimacsSorter_35_1.cnf,6945,23459,1434.28,4663364,5790319,6691,3234919587
exp2,lingeling-aqw,44bits_11.dimacs.cnf,609,15417,492.2,1578799,1758318,,117443173
exp2,COMiniSatPS-3,vmpc_29.cnf,841,120147,415.691,2579318,4684180,9225,347096110
exp2,lingeling-aqw,vmpc_33.cnf,1089,177375,2122.4,4810036,14578089,,752737467
exp5,wrapper-60,vmpc_29.cnf,841,120147,99.6509,622003,1492469,2680,78963380
exp3,wrapperClause,manthey_DimacsSorter_30_1.cnf,3606,11560,62.9064,401717,512957,1285,120697248
exp2,COMiniSatPS-2,mrpp_4x4#10_9.cnf,1976,12182,0.882865,15244,49827,135,1727347
exp5,wrapper-60,40bits_10.dimacs.cnf,446,12980,15.7316,117363,154663,356,4992154
exp2,COMiniSatPS-4,manthey_DimacsSorter_30_6.cnf,3638,11677,99.0399,540615,642111,763,226704866
exp4,wrapper-glucose,40bits_10.dimacs.cnf,446,12980,2.13967,26069,32948,64,979665
exp2,COMiniSatPS-1,manthey_single-ordered-initialized-w54-b9.cnf,16281,128527,2.16267,9767,39616,58,14410455
exp2,COMiniSatPS-4,48bits_14.dimacs.cnf,688,18150,1898.29,2789486,3219606,9770,309327074
exp2,COMiniSatPS-6,manthey_single-ordered-initialized-w12-b6.cnf,792,4096,0.003999,88,256,1,9936
exp2,COMiniSatPS-3,46bits_14.dimacs.cnf,690,16938,515.464,1229612,1407947,3289,134863303
exp4,wrapper-glucose,46bits_12.dimacs.cnf,697,17080,545.228,1152656,1317615,3463,111318075
exp5,wrapper-60,manthey_DimacsSorter_35_1.cnf,6945,23459,979.563,3140922,4265390,9953,1435656226
exp5,wrapper-85,manthey_single-ordered-initialized-w48-b8.cnf,11520,89110,72.9119,289788,567974,989,219274352
exp3,wrapperLBD,manthey_DimacsSorter_30_4.cnf,3723,11743,95.5495,480729,603627,1832,150348440
exp2,COMiniSatPS-1,manthey_DimacsSorterHalf_30_3.cnf,3740,11875,48.7236,223888,269821,342,94881258
exp4,wrapper-luby,manthey_single-ordered-initialized-w54-b9.cnf,16281,128527,401.749,928060,1773550,2042,920019640
exp2,SWDiA5BY,44bits_11.dimacs.cnf,609,15417,1405.49,2522873,2874690,2985,170187482
exp2,COMiniSatPS-2,manthey_DimacsSorter_30_4.cnf,3723,11743,94.9226,563539,666190,632,242648191
exp2,glucose,manthey_DimacsSorter_35_1.cnf,6945,23459,1042.77,3030169,3904260,10597,1303827732
exp2,SWDiA5BY,manthey_DimacsSorter_35_1.cnf,6945,23459,957.261,3449238,4408174,11388,1471101110
exp2,COMiniSatPS-5,mrpp_6x6#10_8.cnf,3893,25462,0.201969,5991,114354,37,959543
exp5,wrapper-95,46bits_12.dimacs.cnf,697,17080,168.755,628789,802960,1741,44145305
exp5,wrapper-95,mrpp_6x6#10_10.cnf,4931,32359,0.541917,17762,124750,100,973212
exp2,COMiniSatPS-4,42bits_12.dimacs.cnf,538,14509,98.767,376877,439875,758,29155640
exp2,COMiniSatPS-4,manthey_DimacsSorter_32_1.cnf,4927,16333,79.7339,395894,496538,696,229628603
exp2,COMiniSatPS-4,mrpp_8x8#22_11.cnf,9854,79376,111.26,648755,1744134,2915,132577487
exp5,wrapper-base,mrpp_4x4#4_5.cnf,963,4981,0.014997,236,941,2,5974
exp5,wrapper-85,mrpp_6x6#10_8.cnf,3893,25462,0.185971,5349,26985,40,238962
exp2,COMiniSatPS-3,manthey_DimacsSorter_28_4.cnf,3666,11883,274.477,1107368,1303535,1915,500695217
exp4,wrapper-luby,aes_32_3_keyfind_1.cnf,708,2540,6143.3,18092205,19332597,27034,1159310944
exp5,wrapper-85,manthey_DimacsSorterHalf_28_4.cnf,3666,11883,142.144,755975,912039,1695,261925430
exp2,COMiniSatPS-3,manthey_DimacsSorterHalf_32_1.cnf,4927,16333,109.067,524893,665521,1187,300265403
exp3,wrapperLBD,mrpp_4x4#4_5.cnf,963,4981,0.012998,191,873,1,4909
exp2,COMiniSatPS-2,mrpp_4x4#4_5.cnf,963,4981,0.006998,371,5589,1,23805
exp2,COMiniSatPS-1,mrpp_4x4#10_9.cnf,1976,12182,0.905862,15244,49827,135,1727347
exp2,COMiniSatPS-5,manthey_DimacsSorter_28_0.cnf,3986,13057,36.7584,127925,167845,566,66065076
exp2,SWDiA5BY,mrpp_4x4#8_8.cnf,1744,10897,0.188971,7384,20867,48,297022
exp5,wrapper-base,gss-18-s100.cnf,31364,94069,678.07,526332,581589,844,2709904854
exp2,COMiniSatPS-2,manthey_single-ordered-initialized-w54-b9.cnf,16281,128527,2.89756,9767,39616,58,14410455
exp5,wrapper-95,38bits_10.dimacs.cnf,448,12700,37.8672,267097,315269,446,15640628
exp2,SWDiA5BY,manthey_DimacsSorter_35_7.cnf,6838,23203,583.956,2117515,2605865,3695,883605354
exp2,COMiniSatPS-4,40bits_10.dimacs.cnf,446,12980,48.0707,222780,258214,319,15949794
exp3,wrapperClause,46bits_12.dimacs.cnf,697,17080,286.024,778006,897698,2472,76210993
exp1,glucose,manthey_DimacsSorterHalf_30_0.cnf,3612,11612,63.4604,387287,483490,1152,97419444
exp3,wrapperLBD,manthey_single-ordered-initialized-w54-b9.cnf,16281,128527,134.384,431113,946981,1225,471553881
exp1,glucose-NR,manthey_single-ordered-initialized-w12-b6.cnf,792,4096,0.013997,94,438,1,6182
exp2,COMiniSatPS-4,46bits_12.dimacs.cnf,697,17080,592.867,1491536,1701856,1906,145846932
exp4,wrapper-glucose,manthey_DimacsSorter_28_7.cnf,3507,11386,53.2889,279471,360357,1258,90428989
exp1,glucose-NR,40bits_10.dimacs.cnf,446,12980,59.091,169511,203652,306,9029944
exp2,COMiniSatPS-4,manthey_DimacsSorter_30_1.cnf,3606,11560,26.001,112085,139645,191,50365380
exp4,wrapper-luby,manthey_DimacsSorter_28_7.cnf,3507,11386,42.2626,269814,329914,638,88442031
exp2,COMiniSatPS-5,46bits_12.dimacs.cnf,697,17080,226.874,607015,685160,1201,61824987
exp5,wrapper-base,manthey_DimacsSorter_30_4.cnf,3723,11743,105.81,601142,725175,1330,188180234
exp5,wrapper-base,manthey_DimacsSorter_32_1.cnf,4927,16333,109.291,546763,745279,2128,241178311
exp5,wrapper-95,manthey_DimacsSorter_35_1.cnf,6945,23459,822.441,3993986,5148988,10412,1968386717
exp3,wrapperClause,manthey_DimacsSorter_28_0.cnf,3986,13057,22.1146,99177,155004,869,39583799
exp3,wrapperLBD,48bits_14.dimacs.cnf,688,18150,779.238,1083116,1289072,5065,99982386
exp2,COMiniSatPS-1,manthey_DimacsSorterHalf_30_0.cnf,3612,11612,67.8897,386995,468372,587,159566824
exp1,glucose,manthey_DimacsSorter_30_6.cnf,3638,11677,94.1317,582923,704161,1063,147740461
exp4,wrapper-glucose,manthey_DimacsSorter_30_4.cnf,3723,11743,92.8589,480729,603627,1832,150348440
exp4,wrapper-glucose,manthey_DimacsSorter_32_1.cnf,4927,16333,150.316,760363,1074125,4112,326916689
exp5,wrapper-85,mrpp_8x8#22_11.cnf,9854,79376,40.0629,395706,1200348,2631,37665316
exp2,lingeling-ayv,manthey_single-ordered-initialized-w14-b7.cnf,1225,8099,0.1,33,330,,2740
exp1,glucose-NR,manthey_single-ordered-initialized-w54-b9.cnf,16281,128527,279.992,407299,876309,1413,409433938
exp2,COMiniSatPS-2,manthey_DimacsSorter_35_1.cnf,6945,23459,1422.44,4450459,5490944,7484,3011638093
exp2,lingeling-aqw,manthey_single-ordered-initialized-w54-b9.cnf,16281,135720,249.8,657750,2174125,,443965132
exp2,glucose,mrpp_4x4#6_16.cnf,3328,17780,0.19097,11481,87527,34,526085
exp2,COMiniSatPS-0,manthey_DimacsSorter_28_0.cnf,3986,13057,28.3627,131130,171988,593,67147004
exp2,COMiniSatPS-5,manthey_DimacsSorter_28_4.cnf,3666,11883,243.224,963970,1117767,1478,433032459
exp1,glucose-NR,46bits_11.dimacs.cnf,689,16922,5347.85,1597839,1801114,4262,157037310
exp2,lingeling-ayv,38bits_10.dimacs.cnf,448,12700,35.2,152291,183696,,9151420
exp2,COMiniSatPS-0,manthey_DimacsSorter_28_4.cnf,3666,11883,222.99,883681,1035506,1443,391881111
exp1,glucose,mrpp_4x4#6_16.cnf,3328,17780,0.284956,11481,87527,34,526085
exp1,glucose-NR,mrpp_4x4#6_16.cnf,3328,17780,0.156976,8650,70680,22,408476
exp2,glucose,aes_32_3_keyfind_1.cnf,708,2540,387.994,2067514,2196683,1464,124316686
exp2,COMiniSatPS-2,40bits_10.dimacs.cnf,446,12980,8.26274,76088,98271,232,3880341
exp2,COMiniSatPS-4,manthey_DimacsSorterHalf_30_7.cnf,3922,12464,110.357,467662,563866,832,208600970
exp2,COMiniSatPS-1,manthey_single-ordered-initialized-w48-b8.cnf,11520,89110,23.4684,77198,179658,300,96155673
exp4,wrapper-glucose,mrpp_4x4#10_9.cnf,1976,12182,1.65675,37740,76139,296,2002741
exp1,glucose-NR,48bits_14.dimacs.cnf,688,18150,1491.88,836446,984607,3174,75774219
exp2,COMiniSatPS-5,mrpp_4x4#10_9.cnf,1976,12182,0.648901,16220,55134,121,1857128
exp1,glucose-NR,aes_32_3_keyfind_1.cnf,708,2540,46869.9,7203479,7551480,3381,514050675
exp2,COMiniSatPS-3,mrpp_4x4#6_20.cnf,4188,22452,0.358945,5850,178425,55,1228584
exp3,wrapperClause,manthey_DimacsSorter_32_1.cnf,4927,16333,1995.26,6429045,8004456,19547,2575898169
exp3,wrapperClause,manthey_single-ordered-initialized-w14-b7.cnf,1225,6781,0.026995,320,1065,2,26555
exp2,COMiniSatPS-1,mrpp_6x6#10_8.cnf,3893,25462,0.184971,6562,108266,54,932972
exp3,wrapperLBD,aes_32_3_keyfind_1.cnf,708,2540,6627.25,19059299,20044450,9694,1308808783
exp3,wrapperClause,mrpp_6x6#10_8.cnf,3893,25462,0.185971,5223,29635,28,220706
exp2,glucose,manthey_single-ordered-initialized-w54-b9.cnf,16281,128527,135.879,421926,888953,1126,449240831
exp2,glucose,manthey_DimacsSorterHalf_28_4.cnf,3666,11883,165.377,941999,1142806,2919,266002384
exp4,wrapper-glucose,manthey_DimacsSorter_30_1.cnf,3606,11560,48.0227,363136,469814,1223,108657832
exp2,glucose,40bits_10.dimacs.cnf,446,12980,47.1028,311244,355654,478,18457938
exp2,COMiniSatPS-2,manthey_single-ordered-initialized-w20-b10.cnf,3400,21268,0.057991,769,2628,1,284122
exp2,COMiniSatPS-1,46bits_12.dimacs.cnf,697,17080,573.761,2391267,2698132,3119,253653615
exp2,lingeling-aqw,mrpp_6x6#10_8.cnf,3893,25742,1.0,3318,81732,,553549
exp2,COMiniSatPS-0,manthey_DimacsSorter_28_3.cnf,3553,11381,76.2474,411729,486720,819,190437579
exp3,wrapperClause,vmpc_33.cnf,1089,177375,1478.51,8781867,20251187,49018,1491187392
exp2,COMiniSatPS-6,42bits_12.dimacs.cnf,538,14509,199.147,585799,658833,548,50521630
exp2,lingeling-aqw,46bits_14.dimacs.cnf,690,16938,984.6,2234019,2538295,,228145836
exp2,lingeling-ayv,manthey_DimacsSorter_35_7.cnf,6838,23203,650.0,2281894,2996477,,914576685
exp2,COMiniSatPS-4,manthey_DimacsSorter_35_1.cnf,6945,23459,894.099,2600776,3201212,4357,1754758955
exp3,wrapperClause,manthey_DimacsSorterHalf_30_3.cnf,3740,11875,13.9079,79712,107659,267,25891146
exp2,COMiniSatPS-3,manthey_DimacsSorter_35_7.cnf,6838,23203,757.152,2402159,2878117,2737,1628242401
exp2,COMiniSatPS-4,manthey_DimacsSorter_30_4.cnf,3723,11743,90.5952,485055,575339,679,207824664
exp2,COMiniSatPS-5,manthey_DimacsSorterHalf_32_1.cnf,4927,16333,1540.56,5615938,6829917,12365,2880375524
exp2,COMiniSatPS-0,manthey_DimacsSorter_35_7.cnf,6838,23203,387.435,1172551,1446772,2419,795464395
exp3,wrapperLBD,manthey_DimacsSorter_28_0.cnf,3986,13057,6.71798,36946,52914,161,15301182
exp2,COMiniSatPS-4,manthey_single-ordered-initialized-w12-b6.cnf,792,4096,0.002999,103,291,1,12020
exp2,glucose,mrpp_6x6#10_8.cnf,3893,25462,0.266959,9529,41988,39,385530
exp4,wrapper-glucose,manthey_DimacsSorter_35_1.cnf,6945,23459,897.236,3629253,4834505,14190,1732200193
exp2,lingeling-aqw,manthey_DimacsSorter_30_6.cnf,3638,11677,317.0,1106974,1843456,,262786813
exp5,wrapper-base,manthey_single-ordered-initialized-w20-b10.cnf,3400,21268,0.121981,2265,6998,20,488327
exp1,glucose,gss-18-s100.cnf,31364,94069,350.834,286195,308384,51,1120326798
exp2,lingeling-ayv,vmpc_29.cnf,841,120147,3455.9,12240636,25186038,,1401477026
exp4,wrapper-luby,46bits_12.dimacs.cnf,697,17080,422.842,977745,1106193,2046,95813393
exp2,COMiniSatPS-2,manthey_DimacsSorter_32_1.cnf,4927,16333,1236.54,4569927,5489510,6202,2431022903
exp2,COMiniSatPS-3,gss-18-s100.cnf,31364,94069,909.848,203451,217435,188,2294610699
exp2,COMiniSatPS-1,40bits_10.dimacs.cnf,446,12980,28.4097,231233,270021,413,14728615
exp5,wrapper-95,manthey_DimacsSorter_28_0.cnf,3986,13057,22.3666,137655,184921,558,55476087
exp3,wrapperLBD,manthey_DimacsSorter_32_1.cnf,4927,16333,135.022,760363,1074125,4112,326916689
exp3,wrapperLBD,mrpp_6x6#10_8.cnf,3893,25462,0.19197,5307,27649,29,214442
exp2,COMiniSatPS-6,manthey_DimacsSorter_28_3.cnf,3553,11381,90.1263,460057,548040,1136,206808680
exp2,COMiniSatPS-4,mrpp_4x4#10_9.cnf,1976,12182,5.19521,63907,132432,433,8255158
exp2,COMiniSatPS-2,38bits_10.dimacs.cnf,448,12700,21.2308,155819,180410,426,10940862
exp2,glucose,46bits_11.dimacs.cnf,689,16922,600.395,1625734,1841665,3834,166086388
exp3,wrapperLBD,46bits_14.dimacs.cnf,690,16938,364.118,787535,927383,3048,77387522
exp2,COMiniSatPS-1,42bits_12.dimacs.cnf,538,14509,84.3822,490398,560483,783,41982608
exp2,COMiniSatPS-2,mrpp_6x6#10_8.cnf,3893,25462,0.279957,6562,108266,54,932972
exp1,glucose,46bits_11.dimacs.cnf,689,16922,473.035,1625734,1841665,3834,166086388
exp5,wrapper-60,manthey_DimacsSorter_28_0.cnf,3986,13057,7.41687,35718,52475,168,14591305
exp3,wrapperLBD,38bits_10.dimacs.cnf,448,12700,24.7502,169350,203083,439,9878635
exp2,COMiniSatPS-3,manthey_single-ordered-initialized-w12-b6.cnf,792,4096,0.002999,81,255,1,9474
exp4,wrapper-luby,46bits_11.dimacs.cnf,689,16922,830.603,1798286,2020898,3497,179896435
exp2,SWDiA5BY,manthey_DimacsSorterHalf_28_4.cnf,3666,11883,193.096,947137,1129297,2155,269076386
exp4,wrapper-luby,mrpp_4x4#6_16.cnf,3328,17780,0.213967,7324,63832,31,365911
exp5,wrapper-base,manthey_DimacsSorter_30_6.cnf,3638,11677,98.1331,524558,647414,1042,159562568
exp5,wrapper-base,38bits_10.dimacs.cnf,448,12700,15.8956,94071,112876,301,5052222
exp2,COMiniSatPS-1,mrpp_8x8#22_11.cnf,9854,79376,44.4982,424460,1809630,2129,86603975
exp2,SWDiA5BY,gss-18-s100.cnf,31364,94069,532.625,305800,333151,71,1307907999
exp5,wrapper-base,mrpp_6x6#10_10.cnf,4931,32359,0.462929,20015,136540,112,1032760
exp4,wrapper-luby,48bits_14.dimacs.cnf,688,18150,1315.58,2102534,2365449,4093,208377411
exp3,wrapperClause,40bits_10.dimacs.cnf,446,12980,28.2297,193982,231506,540,11188517
exp4,wrapper-glucose,mrpp_4x4#4_5.cnf,963,4981,0.010998,191,873,1,4909
exp2,lingeling-ayv,48bits_14.dimacs.cnf,688,18150,1452.0,3461139,3808333,,369973908
exp2,COMiniSatPS-5,manthey_DimacsSorter_30_4.cnf,3723,11743,200.506,755192,884474,1144,316966558
exp2,COMiniSatPS-6,46bits_11.dimacs.cnf,689,16922,522.248,866711,991900,2553,93799104
exp2,COMiniSatPS-4,manthey_single-ordered-initialized-w54-b9.cnf,16281,128527,38.1382,85819,220392,346,143687663
exp2,COMiniSatPS-1,46bits_11.dimacs.cnf,689,16922,292.611,1696289,1979340,2418,153516573
exp2,COMiniSatPS-3,mrpp_4x4#6_16.cnf,3328,17780,0.213967,4278,117123,29,811657
exp2,COMiniSatPS-6,mrpp_4x4#6_16.cnf,3328,17780,0.299954,8184,164732,82,1425746
exp1,glucose,mrpp_4x4#6_20.cnf,4188,22452,0.239963,13051,125739,41,703292
exp5,wrapper-95,manthey_single-ordered-initialized-w54-b9.cnf,16281,128527,193.358,440116,932030,1421,492126289
exp1,glucose-NR,manthey_DimacsSorter_30_4.cnf,3723,11743,303.835,477309,583727,1356,124761814
exp1,glucose,manthey_single-ordered-initialized-w14-b7.cnf,1225,6781,0.022996,179,796,1,18100
exp1,glucose-NR,mrpp_8x8#22_11.cnf,9854,79376,222.883,484394,1161878,3356,44339307
exp2,COMiniSatPS-5,manthey_DimacsSorter_35_7.cnf,6838,23203,731.377,2077377,2513130,3133,1395770863
exp2,COMiniSatPS-3,aes_32_3_keyfind_1.cnf,708,2540,12628.0,43181777,44591552,11274,5194660702
exp2,lingeling-ayv,manthey_DimacsSorter_30_1.cnf,3606,11560,74.5,440855,572936,,113333727
exp4,wrapper-glucose,manthey_DimacsSorter_28_0.cnf,3986,13057,4.97524,36946,52914,161,15301182
exp2,COMiniSatPS-1,mrpp_6x6#10_10.cnf,4931,32359,0.78788,13791,256620,113,2495514
exp2,COMiniSatPS-3,manthey_DimacsSorter_30_6.cnf,3638,11677,67.7947,275046,335996,550,112608327
exp2,COMiniSatPS-6,manthey_DimacsSorterHalf_30_7.cnf,3922,12464,74.0837,377079,462249,705,167495786
exp4,wrapper-glucose,manthey_single-ordered-initialized-w48-b8.cnf,11520,89110,296.547,855666,1528685,2785,613904704
exp2,glucose,manthey_DimacsSorterHalf_30_7.cnf,3922,12464,58.1252,298815,367533,591,82260876
exp2,COMiniSatPS-1,manthey_DimacsSorter_30_6.cnf,3638,11677,117.239,499981,598328,685,208438245
exp2,COMiniSatPS-6,mrpp_4x4#6_20.cnf,4188,22452,0.52592,9464,233539,93,1862237
exp3,wrapperClause,mrpp_4x4#6_16.cnf,3328,17780,0.199969,10298,90610,54,531444
exp2,COMiniSatPS-0,manthey_single-ordered-initialized-w12-b6.cnf,792,4096,0.002999,65,242,1,7346
exp2,COMiniSatPS-3,manthey_single-ordered-initialized-w20-b10.cnf,3400,21268,0.031995,547,2360,3,200628
exp5,wrapper-85,manthey_DimacsSorter_28_3.cnf,3553,11381,54.6587,370597,454897,1076,137465384
exp2,COMiniSatPS-2,manthey_DimacsSorterHalf_30_3.cnf,3740,11875,19.437,127508,156935,232,55536817
exp1,glucose-NR,46bits_12.dimacs.cnf,697,17080,1183.93,785332,888949,1769,75444734
exp5,wrapper-95,manthey_single-ordered-initialized-w48-b8.cnf,11520,89110,101.554,358119,690495,1071,275305207
exp2,COMiniSatPS-2,46bits_12.dimacs.cnf,697,17080,430.564,1466582,1723675,2125,130528780
exp2,COMiniSatPS-6,manthey_DimacsSorterHalf_28_4.cnf,3666,11883,210.991,785828,931036,1602,352365246
exp2,lingeling-ayv,manthey_DimacsSorter_30_4.cnf,3723,11743,6.6,27208,36129,,8569811
exp2,glucose,manthey_DimacsSorter_28_0.cnf,3986,13057,24.0253,153932,219208,1087,48862421
exp2,COMiniSatPS-4,manthey_single-ordered-initialized-w20-b10.cnf,3400,21268,0.047992,837,2920,2,343823
exp2,COMiniSatPS-5,manthey_DimacsSorter_35_1.cnf,6945,23459,623.808,2174860,2688985,4491,1504249295
exp2,lingeling-ayv,mrpp_4x4#6_20.cnf,4188,22548,2.1,8388,230923,,1603319
exp1,glucose,manthey_DimacsSorter_28_7.cnf,3507,11386,56.2444,340189,425291,1208,91174327
exp3,wrapperClause,mrpp_4x4#4_5.cnf,963,4981,0.011998,257,1155,1,6666
exp1,glucose,manthey_DimacsSorter_28_0.cnf,3986,13057,33.9228,153932,219208,1087,48862421
exp4,wrapper-luby,manthey_DimacsSorterHalf_30_3.cnf,3740,11875,46.6069,283291,348527,669,85546840
exp2,COMiniSatPS-1,manthey_DimacsSorterHalf_30_7.cnf,3922,12464,74.3237,426064,516048,641,188235186
exp2,SWDiA5BY,manthey_DimacsSorter_30_6.cnf,3638,11677,124.832,625667,758024,1194,157211306
exp2,COMiniSatPS-0,mrpp_8x8#22_11.cnf,9854,79376,40.7018,391179,1689655,2244,77734566
exp4,wrapper-glucose,manthey_single-ordered-initialized-w14-b7.cnf,1225,6781,0.026995,273,954,3,20521
exp2,SWDiA5BY,manthey_DimacsSorter_28_4.cnf,3666,11883,137.113,947137,1129297,2155,269076386
exp2,COMiniSatPS-5,manthey_single-ordered-initialized-w54-b9.cnf,16281,128527,118.511,247344,543581,807,418268551
exp5,wrapper-85,manthey_single-ordered-initialized-w20-b10.cnf,3400,21268,0.12798,1363,4763,10,299826
exp2,COMiniSatPS-1,manthey_DimacsSorter_32_1.cnf,4927,16333,213.595,1039185,1298524,2202,573708108
exp2,glucose,46bits_12.dimacs.cnf,697,17080,353.575,1315954,1482298,2665,129739531
exp2,COMiniSatPS-5,46bits_11.dimacs.cnf,689,16922,972.305,1386946,1569084,3513,158570345
exp2,COMiniSatPS-4,manthey_single-ordered-initialized-w14-b7.cnf,1225,6781,0.005999,143,534,1,27335
exp3,wrapperClause,vmpc_29.cnf,841,120147,489.891,3903778,8207739,20765,540913657
exp1,glucose,manthey_DimacsSorterHalf_32_1.cnf,4927,16333,353.937,1103972,1480865,4928,395586456
exp2,COMiniSatPS-2,manthey_DimacsSorter_30_5.cnf,3843,12306,94.7686,557861,676098,778,240239581
exp1,glucose-NR,manthey_DimacsSorterHalf_32_1.cnf,4927,16333,23272.4,5901653,7577433,26437,1954215801
exp3,wrapperClause,manthey_DimacsSorterHalf_30_0.cnf,3612,11612,50.4683,355210,460004,1446,108114530
exp2,COMiniSatPS-2,mrpp_6x6#10_10.cnf,4931,32359,0.502923,13791,256620,113,2495514
exp4,wrapper-luby,manthey_DimacsSorterHalf_30_7.cnf,3922,12464,74.9146,387066,486968,929,124039234
exp2,COMiniSatPS-1,manthey_DimacsSorter_28_0.cnf,3986,13057,22.4006,84668,116423,493,44136135
exp2,COMiniSatPS-4,manthey_DimacsSorterHalf_30_0.cnf,3612,11612,65.4141,267870,326537,594,115352113
exp1,glucose-NR,mrpp_4x4#10_9.cnf,1976,12182,0.993848,28575,56962,186,1354942
exp2,COMiniSatPS-5,aes_32_3_keyfind_1.cnf,0,0,0,0,0,0,0
exp3,wrapperLBD,mrpp_6x6#10_10.cnf,4931,32359,0.676897,21732,145281,127,1107540
exp3,wrapperClause,manthey_DimacsSorter_30_4.cnf,3723,11743,75.1046,480256,605346,1592,150631989
exp3,wrapperLBD,manthey_single-ordered-initialized-w20-b10.cnf,3400,21268,0.112982,1090,4467,10,243312
exp2,COMiniSatPS-5,manthey_DimacsSorter_30_6.cnf,3638,11677,23.9584,121243,153701,285,52528249
exp2,SWDiA5BY,manthey_DimacsSorter_28_7.cnf,3507,11386,72.6869,517279,630263,1215,139957720
exp5,wrapper-60,42bits_12.dimacs.cnf,538,14509,117.177,407314,491095,1189,24781203
exp3,wrapperClause,manthey_DimacsSorter_35_1.cnf,6945,23459,676.63,3235844,4215649,10719,1655361327
exp2,COMiniSatPS-0,mrpp_6x6#10_8.cnf,3893,25462,0.275958,6562,108266,54,932972
exp2,COMiniSatPS-3,manthey_single-ordered-initialized-w48-b8.cnf,11520,89110,85.1421,302521,555657,924,363502539
exp5,wrapper-base,manthey_DimacsSorterHalf_30_3.cnf,3740,11875,43.0465,213499,270099,565,66264714
exp4,wrapper-luby,mrpp_4x4#8_8.cnf,1744,10897,0.242963,9033,22889,38,373508
exp2,COMiniSatPS-0,vmpc_29.cnf,841,120147,315.502,1448449,2742096,5239,191203114
exp2,SWDiA5BY,manthey_DimacsSorter_30_1.cnf,3606,11560,37.3103,213634,271019,612,56077059
exp1,glucose,manthey_DimacsSorter_35_7.cnf,6838,23203,625.622,1865475,2328425,4070,765744804
exp4,wrapper-glucose,mrpp_8x8#22_11.cnf,9854,79376,67.8547,471667,1221912,4037,41546938
exp2,glucose,42bits_12.dimacs.cnf,538,14509,105.938,605700,690377,914,43288096
exp3,wrapperClause,48bits_14.dimacs.cnf,688,18150,2084.76,2548095,2966126,11514,261218657
exp1,glucose-NR,manthey_DimacsSorter_30_5.cnf,3843,12306,236.046,430584,548998,1603,107278702
exp5,wrapper-95,manthey_single-ordered-initialized-w14-b7.cnf,1225,6781,0.028995,367,950,2,31470
exp5,wrapper-60,manthey_DimacsSorterHalf_30_0.cnf,3612,11612,157.691,608320,796340,1737,163401127
exp2,lingeling-aqw,manthey_DimacsSorter_30_5.cnf,3843,12306,26.9,118588,279173,,35283624
exp3,wrapperLBD,42bits_12.dimacs.cnf,538,14509,134.943,549211,651953,1102,37011532
exp3,wrapperClause,44bits_11.dimacs.cnf,609,15417,677.203,1364152,1579382,4891,108059717
exp2,COMiniSatPS-6,manthey_single-ordered-initialized-w54-b9.cnf,16281,128527,1.55676,5440,25663,35,8108481
exp2,COMiniSatPS-0,40bits_10.dimacs.cnf,446,12980,18.6532,133955,164021,364,7819557
exp2,lingeling-ayv,manthey_DimacsSorter_35_1.cnf,6945,23459,281.7,1036142,1434051,,455105026
exp5,wrapper-95,mrpp_8x8#22_11.cnf,9854,79376,27.0409,348607,1059960,2089,32123532
exp5,wrapper-60,manthey_DimacsSorter_28_7.cnf,3507,11386,6.77897,41877,56325,101,14775994
exp2,COMiniSatPS-4,manthey_DimacsSorterHalf_30_3.cnf,3740,11875,35.3096,220568,265422,399,95793777
exp3,wrapperClause,manthey_DimacsSorter_28_3.cnf,3553,11381,60.1609,344276,429303,1385,121261252
exp2,COMiniSatPS-4,manthey_DimacsSorter_28_4.cnf,3666,11883,243.947,1028762,1209323,1741,459403733
exp4,wrapper-luby,mrpp_4x4#6_20.cnf,4188,22452,0.317951,10950,106693,46,592833
exp2,COMiniSatPS-3,manthey_DimacsSorterHalf_30_7.cnf,3922,12464,119.647,507123,603573,750,224501428
exp4,wrapper-luby,manthey_DimacsSorter_35_1.cnf,6945,23459,1528.13,4896899,6182466,8190,2265603581
exp2,COMiniSatPS-3,vmpc_33.cnf,1089,177375,532.734,3738122,7558384,13056,604424628
exp2,COMiniSatPS-0,manthey_single-ordered-initialized-w48-b8.cnf,11520,89110,236.332,630360,1099512,2101,751043230
exp2,COMiniSatPS-6,aes_32_3_keyfind_1.cnf,0,0,0,0,0,0,0
exp1,glucose,manthey_DimacsSorter_30_1.cnf,3606,11560,68.2756,376975,465587,861,97281739
exp2,COMiniSatPS-0,mrpp_4x4#6_20.cnf,4188,22452,0.347947,8792,228317,85,1804075
exp2,COMiniSatPS-2,44bits_11.dimacs.cnf,609,15417,68.3226,307582,358377,926,24231951
exp2,COMiniSatPS-3,mrpp_4x4#8_8.cnf,1744,10897,0.086986,2843,25128,25,283714
exp3,wrapperClause,manthey_DimacsSorter_30_5.cnf,3843,12306,101.054,630902,812820,1870,195305652
exp2,lingeling-ayv,mrpp_4x4#10_9.cnf,1976,12310,1.0,8916,41517,,832289
exp2,COMiniSatPS-1,mrpp_4x4#6_16.cnf,3328,17780,0.364944,6916,144496,68,1204070
exp2,COMiniSatPS-5,gss-18-s100.cnf,31364,94069,566.688,155911,168090,116,1525948522
exp4,wrapper-luby,manthey_DimacsSorterHalf_32_1.cnf,4927,16333,172.412,1002268,1256061,2046,431843666
exp2,COMiniSatPS-6,manthey_DimacsSorter_35_1.cnf,6945,23459,826.907,2422140,3015624,5271,1656597428
exp5,wrapper-base,aes_32_3_keyfind_1.cnf,708,2540,2121.14,7131068,7596476,6705,464722122
exp2,lingeling-ayv,manthey_DimacsSorterHalf_32_1.cnf,4927,16333,276.4,1213454,1526485,,394644736
exp1,glucose,48bits_14.dimacs.cnf,688,18150,1619.13,2923237,3358005,10078,293676621
exp3,wrapperClause,manthey_DimacsSorter_30_6.cnf,3638,11677,109.826,622878,775553,1691,190148374
exp5,wrapper-85,46bits_14.dimacs.cnf,690,16938,894.633,1529114,1822145,8178,160285811
exp2,COMiniSatPS-3,manthey_DimacsSorter_28_7.cnf,3507,11386,49.3785,295749,357230,683,132998027
exp4,wrapper-luby,mrpp_4x4#10_9.cnf,1976,12182,2.04069,36000,68264,126,1797595
exp5,wrapper-95,gss-18-s100.cnf,31364,94069,383.676,289590,317787,232,1352346086
exp3,wrapperClause,manthey_DimacsSorter_35_7.cnf,6838,23203,296.29,1417001,1873629,4190,725926735
exp5,wrapper-85,38bits_10.dimacs.cnf,448,12700,21.0608,154727,188278,599,9733648
exp2,COMiniSatPS-0,manthey_DimacsSorterHalf_30_7.cnf,3922,12464,98.699,418518,503766,542,184091749
exp2,glucose,manthey_single-ordered-initialized-w12-b6.cnf,792,4096,0.009998,94,438,1,6182
exp2,lingeling-ayv,aes_32_3_keyfind_1.cnf,708,2664,1747.1,6987775,7641856,,441406318
exp5,wrapper-95,manthey_DimacsSorterHalf_28_4.cnf,3666,11883,155.841,814592,975676,1282,278992202
exp2,COMiniSatPS-6,manthey_DimacsSorterHalf_32_1.cnf,4927,16333,1007.12,2860567,3493288,6432,1530072944
exp5,wrapper-60,manthey_DimacsSorter_30_4.cnf,3723,11743,197.138,946315,1202485,2560,267081735
exp2,COMiniSatPS-6,manthey_DimacsSorterHalf_30_3.cnf,3740,11875,32.0131,140996,172888,297,61408334
exp2,COMiniSatPS-1,manthey_DimacsSorter_30_5.cnf,3843,12306,149.858,651200,793458,1021,278402661
exp1,glucose-NR,mrpp_4x4#8_8.cnf,1744,10897,0.145977,5746,17105,33,223136
exp4,wrapper-glucose,mrpp_4x4#8_8.cnf,1744,10897,0.214967,8267,23865,65,341856
exp2,COMiniSatPS-0,manthey_DimacsSorterHalf_30_3.cnf,3740,11875,23.2665,135392,167441,273,58640898
exp1,glucose-NR,manthey_DimacsSorter_35_7.cnf,6838,23203,2293.3,1644006,2061367,4918,681060373
exp2,COMiniSatPS-6,mrpp_4x4#10_9.cnf,1976,12182,1.48777,22728,66718,156,2832507
exp2,lingeling-ayv,manthey_DimacsSorterHalf_30_0.cnf,3612,11612,53.1,339564,462705,,82930824
exp2,COMiniSatPS-3,manthey_DimacsSorter_28_3.cnf,3553,11381,16.9004,87677,112744,389,42262985
exp2,glucose,manthey_DimacsSorter_32_1.cnf,4927,16333,280.329,1103972,1480865,4928,395586456
exp2,lingeling-aqw,manthey_DimacsSorterHalf_30_0.cnf,3612,11612,169.1,842658,1442440,,202464213
exp2,lingeling-aqw,manthey_single-ordered-initialized-w12-b6.cnf,792,5055,0.1,50,261,,2987
exp3,wrapperLBD,manthey_DimacsSorterHalf_32_1.cnf,4927,16333,186.197,760363,1074125,4112,326916689
exp2,COMiniSatPS-5,manthey_DimacsSorter_28_3.cnf,3553,11381,86.6988,324700,391604,802,152298284
exp2,SWDiA5BY,manthey_single-ordered-initialized-w12-b6.cnf,792,4096,0.009998,95,428,1,6383
exp2,COMiniSatPS-4,mrpp_4x4#8_8.cnf,1744,10897,0.164974,4960,35711,50,502559
exp4,wrapper-luby,manthey_DimacsSorter_30_5.cnf,3843,12306,126.322,698383,862847,1531,206993236
exp1,glucose,aes_32_3_keyfind_1.cnf,708,2540,398.05,2067514,2196683,1464,124316686
exp3,wrapperClause,manthey_DimacsSorterHalf_32_1.cnf,4927,16333,1562.23,6429045,8004456,19547,2575898169
exp2,COMiniSatPS-1,38bits_10.dimacs.cnf,448,12700,19.584,145297,168490,395,10164735
exp3,wrapperClause,manthey_DimacsSorter_28_4.cnf,3666,11883,146.179,777870,952422,1934,271562284
exp4,wrapper-glucose,mrpp_4x4#6_20.cnf,4188,22452,0.419936,19865,183535,96,1096833
exp4,wrapper-luby,38bits_10.dimacs.cnf,448,12700,17.9013,112421,133948,299,6225033
exp2,COMiniSatPS-3,42bits_12.dimacs.cnf,538,14509,49.5945,307126,359376,561,23159870
exp1,glucose-NR,manthey_DimacsSorter_35_1.cnf,6945,23459,2579.63,1880728,2467830,8276,808787105
exp5,wrapper-60,mrpp_4x4#8_8.cnf,1744,10897,0.164974,6700,20253,43,272090
exp4,wrapper-glucose,gss-18-s100.cnf,31364,94069,13.7049,11235,14298,31,54185701
exp2,lingeling-ayv,mrpp_6x6#10_8.cnf,3893,25742,0.8,2989,61862,,410798
exp1,glucose,manthey_single-ordered-initialized-w54-b9.cnf,16281,128527,154.279,421926,888953,1126,449240831
exp5,wrapper-base,46bits_11.dimacs.cnf,689,16922,174.851,501800,596032,1706,44887921
exp2,glucose,mrpp_4x4#4_5.cnf,963,4981,0.010998,173,757,1,4354
exp2,glucose,vmpc_29.cnf,841,120147,173.672,1270701,2728971,5972,170168672
exp2,SWDiA5BY,46bits_11.dimacs.cnf,689,16922,1741.3,2029096,2295758,5337,207230198
exp1,glucose-NR,mrpp_4x4#6_20.cnf,4188,22452,0.815875,27237,234659,117,1458035
exp4,wrapper-glucose,manthey_DimacsSorterHalf_28_4.cnf,3666,11883,128.526,892291,1090090,2367,306345378
exp2,lingeling-aqw,mrpp_4x4#6_16.cnf,3328,17876,1.8,5711,137093,,1235292
exp5,wrapper-60,manthey_DimacsSorterHalf_28_4.cnf,3666,11883,438.274,1800676,2227498,4444,514227485
exp2,lingeling-aqw,manthey_DimacsSorterHalf_28_4.cnf,3666,11883,369.6,1464249,2418477,,364525163
exp5,wrapper-95,mrpp_4x4#8_8.cnf,1744,10897,0.06399,1943,7767,12,79033
exp2,COMiniSatPS-5,manthey_DimacsSorterHalf_30_3.cnf,3740,11875,47.0868,206290,251081,409,90034137
exp4,wrapper-glucose,46bits_11.dimacs.cnf,689,16922,1475.86,1945089,2248136,7395,189710114
exp2,COMiniSatPS-3,manthey_DimacsSorterHalf_30_3.cnf,3740,11875,18.1762,106000,130309,209,46315782
exp2,COMiniSatPS-1,manthey_DimacsSorter_35_7.cnf,6838,23203,568.862,1809702,2213409,3008,1213103461
exp1,glucose,manthey_DimacsSorter_35_1.cnf,6945,23459,1072.85,3030169,3904260,10597,1303827732
exp2,COMiniSatPS-1,46bits_14.dimacs.cnf,690,16938,244.903,1107333,1257642,2370,116559487
exp2,COMiniSatPS-6,manthey_DimacsSorter_35_7.cnf,6838,23203,677.92,1839859,2239813,3117,1247958420
exp5,wrapper-base,manthey_single-ordered-initialized-w54-b9.cnf,16281,128527,106.398,367482,843732,1014,385728426
exp2,SWDiA5BY,mrpp_8x8#22_11.cnf,9854,79376,53.7388,501774,1223157,3438,46219624
exp2,COMiniSatPS-0,42bits_12.dimacs.cnf,538,14509,134.547,539251,611349,813,47194309
exp5,wrapper-95,manthey_single-ordered-initialized-w12-b6.cnf,792,4096,0.011998,99,401,1,6950
exp2,COMiniSatPS-2,manthey_DimacsSorter_30_6.cnf,3638,11677,125.278,561277,669227,735,233434523
exp2,COMiniSatPS-0,46bits_12.dimacs.cnf,697,17080,648.473,1280596,1501631,2148,114551235
exp1,glucose-NR,manthey_DimacsSorter_30_6.cnf,3638,11677,329.387,548471,665526,1257,137538261
exp2,COMiniSatPS-0,44bits_11.dimacs.cnf,609,15417,154.732,517987,602612,1816,43520328
exp5,wrapper-95,mrpp_4x4#10_9.cnf,1976,12182,2.95355,41846,80948,246,2548801
exp5,wrapper-95,mrpp_4x4#6_20.cnf,4188,22452,0.338948,16719,164610,80,1026085
exp5,wrapper-base,48bits_14.dimacs.cnf,688,18150,7772.63,5359458,6163652,18215,513511655
exp3,wrapperLBD,mrpp_8x8#22_11.cnf,9854,79376,68.1426,471667,1221912,4037,41546938
exp3,wrapperLBD,manthey_DimacsSorter_30_6.cnf,3638,11677,126.167,676008,838752,2067,205463458
exp4,wrapper-luby,manthey_DimacsSorter_35_7.cnf,6838,23203,571.245,2063443,2599751,4090,998693337
exp1,glucose,46bits_14.dimacs.cnf,690,16938,83.1944,403244,467710,974,35804691
exp2,COMiniSatPS-2,mrpp_4x4#6_16.cnf,3328,17780,0.341948,6916,144496,68,1204070
exp2,COMiniSatPS-5,mrpp_4x4#6_20.cnf,4188,22452,0.360945,9013,227355,93,1792458
exp4,wrapper-glucose,manthey_single-ordered-initialized-w12-b6.cnf,792,4096,0.016997,111,496,1,6412
exp2,COMiniSatPS-3,48bits_14.dimacs.cnf,688,18150,1986.38,3612042,4072856,5486,379525419
exp1,glucose,manthey_DimacsSorter_30_4.cnf,3723,11743,117.784,563261,677757,1364,151043196
exp1,glucose,40bits_10.dimacs.cnf,446,12980,42.1676,311244,355654,478,18457938
exp2,glucose,46bits_14.dimacs.cnf,690,16938,59.18,403244,467710,974,35804691
exp4,wrapper-luby,manthey_DimacsSorter_28_3.cnf,3553,11381,62.7805,385830,461048,924,138369530
exp2,COMiniSatPS-5,manthey_DimacsSorter_30_5.cnf,3843,12306,115.397,587059,711716,923,247078885
exp2,COMiniSatPS-2,vmpc_33.cnf,1089,177375,988.346,7063267,14251170,23292,1150587259
exp2,COMiniSatPS-2,manthey_DimacsSorterHalf_30_7.cnf,3922,12464,80.7807,456014,551100,612,199601749
exp5,wrapper-85,mrpp_4x4#8_8.cnf,1744,10897,0.201969,8034,24597,70,350690
exp1,glucose-NR,manthey_DimacsSorter_32_1.cnf,4927,16333,23676.1,5901653,7577433,26437,1954215801
exp2,COMiniSatPS-1,manthey_DimacsSorter_28_3.cnf,3553,11381,41.2377,163548,202567,536,77247364
exp2,COMiniSatPS-3,manthey_DimacsSorter_30_4.cnf,3723,11743,74.6377,407234,484522,535,171308973
exp5,wrapper-base,manthey_DimacsSorter_35_1.cnf,6945,23459,761.129,3511898,4673217,12675,1710294678
exp2,SWDiA5BY,mrpp_4x4#6_20.cnf,4188,22452,0.556915,25848,216172,99,1339395
exp2,COMiniSatPS-3,44bits_11.dimacs.cnf,609,15417,114.103,541544,628599,1770,45361834
exp2,COMiniSatPS-0,manthey_DimacsSorter_30_1.cnf,3606,11560,67.7807,327454,396721,395,135183706
exp2,COMiniSatPS-1,48bits_14.dimacs.cnf,688,18150,1841.79,7068950,7866527,6610,769627904
exp2,COMiniSatPS-6,48bits_14.dimacs.cnf,688,18150,213.382,587535,724952,1244,49107095
exp2,SWDiA5BY,manthey_single-ordered-initialized-w14-b7.cnf,1225,6781,0.028995,174,791,1,17085
exp2,COMiniSatPS-6,mrpp_6x6#10_10.cnf,4931,32359,0.734888,12617,243710,109,2333209
exp2,COMiniSatPS-1,manthey_single-ordered-initialized-w20-b10.cnf,3400,21268,0.05999,769,2628,1,284122
exp3,wrapperClause,mrpp_4x4#10_9.cnf,1976,12182,2.30265,37734,81652,315,1948266
exp2,COMiniSatPS-1,manthey_DimacsSorter_28_7.cnf,3507,11386,77.0793,315990,377099,628,140741140
exp5,wrapper-base,manthey_DimacsSorter_28_4.cnf,3666,11883,127.595,798492,961031,1598,271808624
exp2,SWDiA5BY,mrpp_4x4#10_9.cnf,1976,12182,0.424935,16770,38799,111,734992
exp1,glucose-NR,gss-18-s100.cnf,31364,94069,267.864,130879,146679,39,517012369
exp4,wrapper-luby,manthey_single-ordered-initialized-w20-b10.cnf,3400,21268,0.070989,881,4019,7,181633
exp4,wrapper-luby,mrpp_6x6#10_10.cnf,4931,32359,1.07184,32043,173387,119,1538819
exp5,wrapper-60,manthey_DimacsSorterHalf_32_1.cnf,4927,16333,1013.68,3798310,4935848,10679,1411085836
exp2,lingeling-ayv,mrpp_4x4#6_16.cnf,3328,17876,1.0,3245,78138,,697911
exp2,SWDiA5BY,manthey_single-ordered-initialized-w48-b8.cnf,11520,89110,11.7792,61310,151792,190,42816989
exp2,COMiniSatPS-0,manthey_DimacsSorter_30_4.cnf,3723,11743,89.2954,392671,468653,492,167855918
exp2,lingeling-aqw,manthey_single-ordered-initialized-w14-b7.cnf,1225,8099,0.1,100,451,,8976
exp5,wrapper-60,manthey_single-ordered-initialized-w14-b7.cnf,1225,6781,0.032994,348,1092,2,27284
exp2,COMiniSatPS-6,manthey_single-ordered-initialized-w20-b10.cnf,3400,21268,0.084987,991,3415,3,394759
exp3,wrapperLBD,manthey_single-ordered-initialized-w48-b8.cnf,11520,89110,271.665,855666,1528685,2785,613904704
exp2,glucose,manthey_DimacsSorter_28_7.cnf,3507,11386,70.6333,340189,425291,1208,91174327
exp2,lingeling-aqw,mrpp_4x4#4_5.cnf,963,5077,0.0,205,2741,,8851
exp2,COMiniSatPS-3,manthey_DimacsSorter_30_5.cnf,3843,12306,124.758,523401,635455,735,221460697
exp2,COMiniSatPS-5,mrpp_4x4#8_8.cnf,1744,10897,0.108983,4773,30096,45,481105
exp4,wrapper-luby,manthey_DimacsSorter_30_1.cnf,3606,11560,67.8497,382863,473836,917,115927844
exp5,wrapper-60,manthey_DimacsSorter_30_5.cnf,3843,12306,83.3613,419960,562492,1367,124787667
exp2,COMiniSatPS-6,manthey_DimacsSorter_32_1.cnf,4927,16333,962.371,2860567,3493288,6432,1530072944
exp5,wrapper-85,42bits_12.dimacs.cnf,538,14509,88.5455,347522,412424,1744,27976096
exp5,wrapper-95,mrpp_4x4#4_5.cnf,963,4981,0.010998,89,417,1,2136
exp5,wrapper-85,46bits_12.dimacs.cnf,697,17080,426.047,1053747,1294817,3355,88739506
exp4,wrapper-glucose,manthey_DimacsSorterHalf_30_0.cnf,3612,11612,63.4953,313913,411992,1465,95984785
exp2,glucose,vmpc_33.cnf,1089,177375,175.283,1332818,3132395,6645,219097444
exp2,glucose,manthey_single-ordered-initialized-w14-b7.cnf,1225,6781,0.025996,179,796,1,18100
exp2,COMiniSatPS-5,vmpc_29.cnf,841,120147,1327.13,3610984,6356862,13320,472307771
exp1,glucose-NR,manthey_DimacsSorter_28_3.cnf,3553,11381,97.5992,249162,311436,1087,69914343
exp5,wrapper-60,manthey_DimacsSorter_35_7.cnf,6838,23203,293.859,1309101,1773442,3501,598135021
exp3,wrapperClause,manthey_DimacsSorterHalf_28_4.cnf,3666,11883,120.773,777870,952422,1934,271562284
exp3,wrapperClause,manthey_single-ordered-initialized-w54-b9.cnf,16281,128527,250.749,657561,1393084,2341,693622130
exp2,COMiniSatPS-2,42bits_12.dimacs.cnf,538,14509,27.2309,183169,223221,449,12945377
exp2,COMiniSatPS-3,40bits_10.dimacs.cnf,446,12980,21.6627,165525,199891,418,9817149
exp4,wrapper-luby,manthey_DimacsSorter_32_1.cnf,4927,16333,196.194,1002268,1256061,2046,431843666
exp4,wrapper-luby,manthey_DimacsSorter_28_0.cnf,3986,13057,1.9837,17326,24946,63,7115929
exp2,COMiniSatPS-1,44bits_11.dimacs.cnf,609,15417,117.206,667714,769196,2042,56237527
exp5,wrapper-85,manthey_DimacsSorter_28_0.cnf,3986,13057,29.1496,128116,171553,535,51003198
exp4,wrapper-glucose,46bits_14.dimacs.cnf,690,16938,417.163,787535,927383,3048,77387522
exp2,glucose,manthey_DimacsSorter_28_4.cnf,3666,11883,171.326,941999,1142806,2919,266002384
exp1,glucose,mrpp_4x4#4_5.cnf,963,4981,0.014997,173,757,1,4354
exp2,lingeling-aqw,manthey_DimacsSorter_28_0.cnf,3986,13057,22.6,99879,239161,,34900918
exp1,glucose,manthey_DimacsSorter_28_4.cnf,3666,11883,184.821,941999,1142806,2919,266002384
exp5,wrapper-85,mrpp_6x6#10_10.cnf,4931,32359,0.642902,19353,141151,142,1112011
exp2,COMiniSatPS-1,vmpc_33.cnf,1089,177375,966.153,7962672,16176997,26096,1295297940
exp5,wrapper-base,manthey_DimacsSorter_35_7.cnf,6838,23203,451.551,1711431,2185021,3857,837961232
exp5,wrapper-60,manthey_DimacsSorterHalf_30_7.cnf,3922,12464,195.999,841310,1069684,2096,242777695
exp2,SWDiA5BY,vmpc_29.cnf,841,120147,428.213,2058763,4244160,10849,267794385
exp2,COMiniSatPS-2,manthey_DimacsSorter_28_3.cnf,3553,11381,40.1739,160940,198835,514,76904327
exp2,lingeling-ayv,manthey_DimacsSorterHalf_28_4.cnf,3666,11883,176.1,671709,827345,,174317321
exp2,lingeling-aqw,manthey_DimacsSorterHalf_32_1.cnf,4927,16333,5548.7,11213065,21656407,,3425884183
exp2,COMiniSatPS-0,46bits_14.dimacs.cnf,690,16938,567.019,1272585,1448080,3275,138001482
exp4,wrapper-luby,gss-18-s100.cnf,31364,94069,531.505,403176,446844,986,1929244508
exp1,glucose-NR,manthey_DimacsSorterHalf_30_3.cnf,3740,11875,74.6167,241043,295208,572,62004061
exp1,glucose-NR,manthey_single-ordered-initialized-w20-b10.cnf,3400,21268,0.069989,785,4686,6,219816
exp4,wrapper-glucose,manthey_DimacsSorter_28_4.cnf,3666,11883,137.01,892291,1090090,2367,306345378
exp2,COMiniSatPS-6,mrpp_4x4#8_8.cnf,1744,10897,0.124981,3768,27880,37,406621
exp2,glucose,44bits_11.dimacs.cnf,609,15417,706.631,2453439,2827430,3493,166162148
exp1,glucose-NR,mrpp_6x6#10_10.cnf,4931,32359,1.01484,32282,213991,165,1675156
exp2,lingeling-aqw,mrpp_4x4#10_9.cnf,1976,12310,1.3,10140,50831,,1063523
exp2,COMiniSatPS-6,44bits_11.dimacs.cnf,609,15417,69.6814,282807,331166,916,22064360
exp5,wrapper-95,manthey_DimacsSorterHalf_30_0.cnf,3612,11612,76.2114,402571,505751,1108,126411501
exp3,wrapperClause,manthey_single-ordered-initialized-w12-b6.cnf,792,4096,0.014997,20,341,1,1424
exp1,glucose,46bits_12.dimacs.cnf,697,17080,449.853,1315954,1482298,2665,129739531
exp4,wrapper-luby,40bits_10.dimacs.cnf,446,12980,10.3934,91565,110245,255,4725586
exp5,wrapper-60,46bits_14.dimacs.cnf,690,16938,1005.93,1627471,1910600,4743,138453899
exp2,COMiniSatPS-2,manthey_DimacsSorter_28_7.cnf,3507,11386,78.8,328046,391718,665,144864784
exp5,wrapper-85,mrpp_4x4#6_20.cnf,4188,22452,0.318951,14353,158974,102,959757
exp2,COMiniSatPS-0,38bits_10.dimacs.cnf,448,12700,41.1497,204242,232500,413,14986816
exp2,lingeling-aqw,manthey_DimacsSorter_35_7.cnf,6838,23203,392.2,1321917,2666608,,542758107
exp4,wrapper-glucose,manthey_single-ordered-initialized-w54-b9.cnf,16281,128527,177.127,431113,946981,1225,471553881
exp2,SWDiA5BY,manthey_DimacsSorterHalf_30_0.cnf,3612,11612,59.027,370802,466819,1171,96283788
exp2,SWDiA5BY,manthey_DimacsSorter_30_5.cnf,3843,12306,120.029,564446,708812,1688,145540592
exp2,COMiniSatPS-2,manthey_DimacsSorterHalf_32_1.cnf,4927,16333,957.599,4569927,5489510,6202,2431022903
exp1,glucose,manthey_DimacsSorter_30_5.cnf,3843,12306,85.242,413941,527904,1358,105852595
exp1,glucose-NR,manthey_DimacsSorter_30_1.cnf,3606,11560,172.95,391144,481226,1112,97470893
exp1,glucose,vmpc_33.cnf,1089,177375,202.631,1332818,3132395,6645,219097444
exp1,glucose-NR,44bits_11.dimacs.cnf,609,15417,983.481,945782,1130815,2832,48956073
exp5,wrapper-base,mrpp_4x4#10_9.cnf,1976,12182,1.82372,32725,67247,218,1694935
exp4,wrapper-glucose,44bits_11.dimacs.cnf,609,15417,607.04,1225877,1446719,2591,86872027
exp2,COMiniSatPS-3,manthey_DimacsSorterHalf_30_0.cnf,3612,11612,22.3126,134671,168695,296,60477906
exp5,wrapper-85,manthey_DimacsSorterHalf_30_7.cnf,3922,12464,99.4109,547766,681530,1508,179764872
exp3,wrapperLBD,manthey_DimacsSorter_28_3.cnf,3553,11381,78.675,425010,530804,1713,150364790
exp2,COMiniSatPS-4,46bits_14.dimacs.cnf,690,16938,1355.76,2006588,2259999,5073,220459805
exp2,COMiniSatPS-5,manthey_DimacsSorter_32_1.cnf,4927,16333,1576.55,5615938,6829917,12365,2880375524
exp5,wrapper-base,manthey_DimacsSorterHalf_32_1.cnf,4927,16333,140.034,546763,745279,2128,241178311
exp5,wrapper-85,44bits_11.dimacs.cnf,609,15417,1831.26,3758396,4383562,12683,237145552
exp2,COMiniSatPS-3,manthey_DimacsSorter_32_1.cnf,4927,16333,128.713,524893,665521,1187,300265403
exp2,COMiniSatPS-3,mrpp_6x6#10_8.cnf,3893,25462,0.223965,7220,114533,49,1067718
exp1,glucose,mrpp_4x4#8_8.cnf,1744,10897,0.100984,6351,18631,42,248178
exp2,COMiniSatPS-5,38bits_10.dimacs.cnf,448,12700,20.6719,115036,134881,345,7612192
exp2,COMiniSatPS-4,mrpp_4x4#6_16.cnf,3328,17780,0.140978,3958,107241,28,721264
exp2,COMiniSatPS-3,38bits_10.dimacs.cnf,448,12700,12.6621,80838,96460,254,5102815
exp2,lingeling-aqw,manthey_DimacsSorter_30_1.cnf,3606,11560,152.6,628441,1064150,,155624548
exp2,COMiniSatPS-5,46bits_14.dimacs.cnf,690,16938,772.034,1193878,1369869,3623,128011764
exp2,COMiniSatPS-2,manthey_DimacsSorter_35_7.cnf,6838,23203,433.019,1316063,1626488,2232,901566761
exp2,COMiniSatPS-4,mrpp_4x4#4_5.cnf,963,4981,0.009998,408,5407,2,27762
exp5,wrapper-95,46bits_11.dimacs.cnf,689,16922,662.08,1282226,1478407,4555,135300988
exp2,glucose,manthey_DimacsSorter_30_4.cnf,3723,11743,94.4156,563261,677757,1364,151043196
exp5,wrapper-85,gss-18-s100.cnf,31364,94069,688.641,571036,629701,1047,2849675487
exp2,COMiniSatPS-3,mrpp_4x4#10_9.cnf,1976,12182,0.810876,15242,50412,133,1641740
exp4,wrapper-glucose,48bits_14.dimacs.cnf,688,18150,729.639,1083116,1289072,5065,99982386
exp2,SWDiA5BY,manthey_single-ordered-initialized-w54-b9.cnf,16281,128527,71.6201,179672,431962,475,188620606
exp5,wrapper-60,48bits_14.dimacs.cnf,688,18150,2915.93,3409647,3960258,10262,276906041
exp2,COMiniSatPS-2,vmpc_29.cnf,841,120147,10.9443,145252,299927,524,20090949
exp2,glucose,manthey_DimacsSorterHalf_30_0.cnf,3612,11612,59.5779,387287,483490,1152,97419444
exp3,wrapperLBD,mrpp_4x4#10_9.cnf,1976,12182,2.66659,37740,76139,296,2002741
exp5,wrapper-60,mrpp_4x4#6_16.cnf,3328,17780,0.328949,12396,102726,69,621976
exp2,COMiniSatPS-0,vmpc_33.cnf,1089,177375,5823.99,10631906,19709856,44091,1629528799
exp2,COMiniSatPS-4,gss-18-s100.cnf,31364,94069,986.488,247936,265110,147,2465922782
exp2,COMiniSatPS-0,manthey_single-ordered-initialized-w14-b7.cnf,1225,6781,0.006998,143,534,1,27335
exp3,wrapperLBD,vmpc_29.cnf,841,120147,333.727,1517788,3164382,8600,204793242
exp2,COMiniSatPS-6,manthey_DimacsSorter_30_5.cnf,3843,12306,34.2858,209633,263362,468,97272409
exp5,wrapper-60,gss-18-s100.cnf,31364,94069,1170.27,846393,959452,2013,3153365959
exp2,lingeling-ayv,manthey_single-ordered-initialized-w12-b6.cnf,792,5055,0.1,42,99,,2386
exp2,COMiniSatPS-4,manthey_DimacsSorterHalf_28_4.cnf,3666,11883,185.993,1028762,1209323,1741,459403733
exp5,wrapper-85,manthey_DimacsSorter_32_1.cnf,4927,16333,125.786,595140,835140,2457,272975442
exp1,glucose-NR,manthey_single-ordered-initialized-w48-b8.cnf,11520,89110,13.349,60783,157736,229,41255043
exp2,COMiniSatPS-3,mrpp_6x6#10_10.cnf,4931,32359,0.912861,17702,277226,156,2936212
exp2,COMiniSatPS-1,aes_32_3_keyfind_1.cnf,708,2540,17195.6,105857875,122110245,556821,12238858616
exp2,lingeling-aqw,manthey_DimacsSorter_30_4.cnf,3723,11743,154.3,766161,1328119,,195269305
exp2,lingeling-ayv,manthey_DimacsSorter_30_5.cnf,3843,12306,99.6,630518,830878,,154400701
exp2,COMiniSatPS-3,manthey_DimacsSorterHalf_28_4.cnf,3666,11883,253.764,1107368,1303535,1915,500695217
exp5,wrapper-base,manthey_DimacsSorterHalf_28_4.cnf,3666,11883,115.352,798492,961031,1598,271808624
exp2,COMiniSatPS-4,44bits_11.dimacs.cnf,609,15417,225.517,801774,919761,2358,70372019
exp3,wrapperClause,mrpp_6x6#10_10.cnf,4931,32359,0.669898,21631,161684,120,1194338
exp5,wrapper-85,40bits_10.dimacs.cnf,446,12980,56.3034,221881,261483,975,15273897
exp4,wrapper-glucose,vmpc_29.cnf,841,120147,250.364,1517788,3164382,8600,204793242
exp1,glucose-NR,vmpc_29.cnf,841,120147,21.4067,186176,424110,841,25046002
exp2,lingeling-aqw,aes_32_3_keyfind_1.cnf,708,2664,905.4,5442645,5920157,,395075878
exp2,COMiniSatPS-6,manthey_single-ordered-initialized-w14-b7.cnf,1225,6781,0.009998,143,534,1,27335
exp2,lingeling-aqw,vmpc_29.cnf,841,120147,826.6,2688934,7332750,,339033204
exp2,glucose,mrpp_8x8#22_11.cnf,9854,79376,34.0168,464747,1274336,3172,45031284
exp2,COMiniSatPS-0,manthey_DimacsSorter_28_7.cnf,3507,11386,63.7003,364611,432342,679,161337249
exp2,COMiniSatPS-6,manthey_DimacsSorterHalf_30_0.cnf,3612,11612,103.173,411059,504232,934,167290111
exp3,wrapperLBD,manthey_DimacsSorter_35_1.cnf,6945,23459,880.684,3629253,4834505,14190,1732200193
exp1,glucose,mrpp_8x8#22_11.cnf,9854,79376,49.8814,464747,1274336,3172,45031284
exp2,COMiniSatPS-3,46bits_12.dimacs.cnf,697,17080,444.361,1503528,1767234,2190,133755954
exp5,wrapper-60,manthey_DimacsSorter_30_1.cnf,3606,11560,39.9949,283513,377401,829,81117769
exp2,COMiniSatPS-4,46bits_11.dimacs.cnf,689,16922,31.1773,155752,183828,323,13653535
exp2,lingeling-ayv,46bits_14.dimacs.cnf,690,16938,1296.6,2534709,2821926,,259072540
exp5,wrapper-85,manthey_DimacsSorter_30_6.cnf,3638,11677,96.1594,465695,579882,1516,151928373
exp4,wrapper-luby,manthey_single-ordered-initialized-w14-b7.cnf,1225,6781,0.027995,313,1057,3,25159
exp5,wrapper-85,aes_32_3_keyfind_1.cnf,708,2540,338.633,2115974,2371636,6910,127991358
exp2,COMiniSatPS-4,mrpp_4x4#6_20.cnf,4188,22452,0.26196,6333,199511,58,1420937
exp4,wrapper-luby,46bits_14.dimacs.cnf,690,16938,2437.8,3254408,3723396,5786,295140852
exp1,glucose,manthey_DimacsSorterHalf_28_4.cnf,3666,11883,175.297,941999,1142806,2919,266002384
exp5,wrapper-60,46bits_11.dimacs.cnf,689,16922,997.008,1492488,1750227,4257,131240894
exp5,wrapper-85,mrpp_4x4#6_16.cnf,3328,17780,0.253961,8550,82793,54,492815
exp2,SWDiA5BY,mrpp_4x4#6_16.cnf,3328,17780,0.218966,8082,62249,19,366431
exp2,glucose,manthey_DimacsSorter_30_6.cnf,3638,11677,130.749,582923,704161,1063,147740461
exp2,glucose,mrpp_4x4#6_20.cnf,4188,22452,0.385941,13051,125739,41,703292
exp2,COMiniSatPS-2,aes_32_3_keyfind_1.cnf,708,2540,2000.05,13448186,13945121,775,1685092220
exp5,wrapper-60,manthey_single-ordered-initialized-w54-b9.cnf,16281,128527,42.9455,141362,426222,547,135475769
exp5,wrapper-95,manthey_DimacsSorter_30_1.cnf,3606,11560,76.6164,419531,523773,717,132107182
exp3,wrapperLBD,40bits_10.dimacs.cnf,446,12980,2.10968,26069,32948,64,979665
exp2,COMiniSatPS-5,manthey_single-ordered-initialized-w20-b10.cnf,3400,21268,0.070989,837,2920,2,343823
exp2,lingeling-aqw,manthey_DimacsSorter_32_1.cnf,4927,16333,6450.1,11213065,21656407,,3425884183
exp4,wrapper-glucose,manthey_DimacsSorterHalf_32_1.cnf,4927,16333,137.429,760363,1074125,4112,326916689
exp2,COMiniSatPS-5,mrpp_6x6#10_10.cnf,4931,32359,0.687895,11891,239250,99,2210847
exp2,glucose,gss-18-s100.cnf,31364,94069,440.704,286195,308384,51,1120326798
exp2,COMiniSatPS-6,38bits_10.dimacs.cnf,448,12700,22.0866,113984,132407,313,7525405
exp4,wrapper-luby,manthey_single-ordered-initialized-w48-b8.cnf,11520,89110,64.8041,279017,550249,653,210500546
exp5,wrapper-85,manthey_DimacsSorter_30_4.cnf,3723,11743,87.8796,554703,686637,1817,183914920
exp5,wrapper-85,manthey_DimacsSorter_35_1.cnf,6945,23459,795.405,3508265,4750062,13784,1736730258
exp2,lingeling-aqw,38bits_10.dimacs.cnf,448,12700,1.1,12111,18706,,508180
exp4,wrapper-glucose,aes_32_3_keyfind_1.cnf,708,2540,6228.05,19059299,20044450,9694,1308808783
exp2,lingeling-ayv,manthey_DimacsSorter_28_3.cnf,3553,11381,106.3,436771,533148,,121737554
exp2,COMiniSatPS-3,manthey_DimacsSorter_28_0.cnf,3986,13057,28.0507,99224,137107,578,51296413
exp2,COMiniSatPS-0,manthey_DimacsSorter_30_5.cnf,3843,12306,106.795,578162,701351,890,244576175
exp2,COMiniSatPS-6,manthey_single-ordered-initialized-w48-b8.cnf,11520,89110,147.194,359572,653689,1158,447717991
exp2,COMiniSatPS-5,manthey_DimacsSorter_30_1.cnf,3606,11560,53.7938,318587,385835,507,134402777
exp2,COMiniSatPS-4,aes_32_3_keyfind_1.cnf,0,0,0,0,0,0,0
exp2,COMiniSatPS-0,manthey_DimacsSorterHalf_30_0.cnf,3612,11612,33.6109,183839,228830,411,80352650
exp5,wrapper-base,mrpp_4x4#6_20.cnf,4188,22452,0.253961,11049,132795,62,705689
exp5,wrapper-85,manthey_DimacsSorterHalf_30_0.cnf,3612,11612,80.9367,442468,569276,1687,138951884
exp5,wrapper-95,manthey_DimacsSorter_28_4.cnf,3666,11883,157.159,814592,975676,1282,278992202
exp4,wrapper-luby,vmpc_29.cnf,841,120147,295.387,1843955,3469997,3580,238446435
exp5,wrapper-85,manthey_DimacsSorter_30_1.cnf,3606,11560,50.8793,374469,478135,1017,117565243
exp3,wrapperClause,46bits_11.dimacs.cnf,689,16922,4394.76,4454365,5029931,9934,449232023
exp1,glucose-NR,vmpc_33.cnf,1089,177375,16917.9,5924281,12033366,40642,893778814
exp5,wrapper-base,manthey_DimacsSorterHalf_30_7.cnf,3922,12464,73.1659,501659,622115,1213,163453626
exp2,glucose,manthey_single-ordered-initialized-w48-b8.cnf,11520,89110,43.4444,170116,343593,455,128420235
exp2,SWDiA5BY,manthey_DimacsSorterHalf_30_7.cnf,3922,12464,89.3554,464298,565914,1181,126265136
exp2,SWDiA5BY,manthey_DimacsSorter_32_1.cnf,4927,16333,2219.6,8265977,10472195,29400,2743653250
exp2,COMiniSatPS-0,mrpp_4x4#8_8.cnf,1744,10897,0.06399,3006,27422,25,330612
exp5,wrapper-60,manthey_single-ordered-initialized-w12-b6.cnf,792,4096,0.014997,99,401,1,6950
exp1,glucose,manthey_single-ordered-initialized-w48-b8.cnf,11520,89110,48.2227,170116,343593,455,128420235
exp3,wrapperClause,manthey_single-ordered-initialized-w48-b8.cnf,11520,89110,11.7752,47813,157253,238,30154241
exp2,SWDiA5BY,38bits_10.dimacs.cnf,448,12700,16.9914,129279,165779,280,5974326
exp5,wrapper-60,aes_32_3_keyfind_1.cnf,708,2540,898.568,3511970,3855282,8571,194123632
exp5,wrapper-95,manthey_DimacsSorterHalf_32_1.cnf,4927,16333,85.613,413068,551028,1195,193616290
exp1,glucose-NR,manthey_single-ordered-initialized-w14-b7.cnf,1225,6781,0.021996,179,796,1,18100
exp2,lingeling-aqw,manthey_DimacsSorterHalf_30_7.cnf,3922,12464,140.4,711805,1226697,,182752558
exp2,COMiniSatPS-4,manthey_DimacsSorterHalf_32_1.cnf,4927,16333,79.8239,395894,496538,696,229628603
exp2,SWDiA5BY,mrpp_6x6#10_8.cnf,3893,25462,0.304953,10269,49456,36,422130
exp2,COMiniSatPS-2,46bits_14.dimacs.cnf,690,16938,694.635,1936203,2181156,4422,211022637
exp1,glucose-NR,46bits_14.dimacs.cnf,690,16938,6332.55,1757154,1972994,4461,171190903
exp5,wrapper-95,aes_32_3_keyfind_1.cnf,708,2540,2775.01,9039844,9612879,8567,625440467
exp2,lingeling-ayv,manthey_DimacsSorter_28_4.cnf,3666,11883,132.4,671709,827345,,174317321
exp2,COMiniSatPS-6,manthey_DimacsSorter_30_6.cnf,3638,11677,155.151,546150,650722,793,228549856
exp2,lingeling-ayv,manthey_DimacsSorter_28_7.cnf,3507,11386,20.4,140708,178249,,40056086
exp5,wrapper-60,manthey_DimacsSorterHalf_30_3.cnf,3740,11875,39.367,244524,313723,614,70546812
exp2,lingeling-aqw,manthey_DimacsSorterHalf_30_3.cnf,3740,11875,91.3,403368,692201,,105044940
exp1,glucose,manthey_DimacsSorterHalf_30_7.cnf,3922,12464,57.0743,298815,367533,591,82260876
exp2,COMiniSatPS-6,manthey_DimacsSorter_30_1.cnf,3606,11560,60.8707,322161,390906,566,135599293
exp3,wrapperClause,46bits_14.dimacs.cnf,690,16938,578.598,1295886,1550337,4692,121775384
exp4,wrapper-luby,mrpp_8x8#22_11.cnf,9854,79376,37.5963,374357,937108,893,30844327
exp2,SWDiA5BY,manthey_DimacsSorter_28_3.cnf,3553,11381,49.6684,358635,442618,1279,104155506
exp5,wrapper-base,manthey_DimacsSorter_28_3.cnf,3553,11381,72.511,370128,456813,1172,131018133
exp2,SWDiA5BY,manthey_DimacsSorter_28_0.cnf,3986,13057,2.33964,19699,28782,82,6750874
exp2,COMiniSatPS-5,mrpp_4x4#4_5.cnf,963,4981,0.005999,495,5290,2,28242
exp2,COMiniSatPS-3,manthey_DimacsSorter_30_1.cnf,3606,11560,66.5709,381926,461179,567,158027953
exp2,SWDiA5BY,manthey_DimacsSorter_30_4.cnf,3723,11743,81.0957,560430,679862,1425,148851916
exp5,wrapper-95,46bits_14.dimacs.cnf,690,16938,344.345,781014,913133,2816,80578422
exp2,COMiniSatPS-6,vmpc_33.cnf,1089,177375,3079.25,6318484,11853647,25578,978809450
exp2,COMiniSatPS-0,manthey_DimacsSorterHalf_32_1.cnf,4927,16333,105.791,382818,485875,756,225797494
exp5,wrapper-base,mrpp_6x6#10_8.cnf,3893,25462,0.228965,6929,37531,46,295901
exp2,COMiniSatPS-1,manthey_single-ordered-initialized-w14-b7.cnf,1225,6781,0.005999,143,534,1,27335
exp2,COMiniSatPS-3,mrpp_8x8#22_11.cnf,9854,79376,36.7064,362898,1382077,2095,70872332
exp2,COMiniSatPS-6,mrpp_8x8#22_11.cnf,9854,79376,215.482,980910,2268463,3682,203412710
exp2,COMiniSatPS-6,manthey_DimacsSorter_28_7.cnf,3507,11386,66.3819,345634,412859,690,152990005
exp4,wrapper-glucose,manthey_DimacsSorter_35_7.cnf,6838,23203,735.802,2539574,3220310,6535,1247092415
exp5,wrapper-95,vmpc_29.cnf,841,120147,1291.13,4036562,7313478,16136,532977468
exp2,COMiniSatPS-3,manthey_DimacsSorter_35_1.cnf,6945,23459,857.273,3465766,4341546,6690,2319541191
exp2,lingeling-aqw,mrpp_6x6#10_10.cnf,4931,32639,4.1,12046,240909,,2515861
exp2,lingeling-aqw,manthey_single-ordered-initialized-w20-b10.cnf,3400,24005,0.5,808,3440,,136331
exp5,wrapper-base,42bits_12.dimacs.cnf,538,14509,200.598,612207,723760,1210,41934443
exp2,COMiniSatPS-4,38bits_10.dimacs.cnf,448,12700,22.7425,152029,174921,361,10594804
exp5,wrapper-base,44bits_11.dimacs.cnf,609,15417,561.462,1296119,1520811,4090,98200406
exp2,SWDiA5BY,42bits_12.dimacs.cnf,538,14509,235.224,663191,762157,1033,48412909
exp2,COMiniSatPS-1,manthey_DimacsSorterHalf_28_4.cnf,3666,11883,157.452,899725,1057418,1406,404473043
exp2,COMiniSatPS-0,mrpp_4x4#4_5.cnf,963,4981,0.006998,371,5589,1,23805
exp5,wrapper-95,manthey_DimacsSorter_35_7.cnf,6838,23203,394.632,1832988,2324519,3809,925500394
exp3,wrapperClause,mrpp_8x8#22_11.cnf,9854,79376,45.887,364418,1064027,3342,33993099
exp4,wrapper-luby,vmpc_33.cnf,1089,177375,86.2149,720091,1559735,1534,118393907
exp3,wrapperLBD,46bits_12.dimacs.cnf,697,17080,730.491,1152656,1317615,3463,111318075
exp2,COMiniSatPS-1,gss-18-s100.cnf,31364,94069,823.235,191600,204339,137,2155894800
exp2,COMiniSatPS-6,gss-18-s100.cnf,31364,94069,1149.81,379549,407646,186,3596129836
exp2,lingeling-ayv,44bits_11.dimacs.cnf,609,15417,154.7,584401,667976,,45000725
exp5,wrapper-60,44bits_11.dimacs.cnf,609,15417,351.843,915947,1114447,2354,57195062
exp5,wrapper-60,mrpp_8x8#22_11.cnf,9854,79376,62.1715,425888,1140458,2580,42308764
exp4,wrapper-luby,44bits_11.dimacs.cnf,609,15417,299.197,1099276,1243935,2047,83604763
exp2,COMiniSatPS-1,vmpc_29.cnf,841,120147,584.92,3922384,7336144,13264,524810266
exp3,wrapperLBD,manthey_DimacsSorter_30_5.cnf,3843,12306,92.288,613482,783330,1887,182309610
exp2,COMiniSatPS-1,mrpp_4x4#6_20.cnf,4188,22452,0.345947,8792,228317,85,1804075
exp5,wrapper-85,mrpp_4x4#10_9.cnf,1976,12182,8.06477,90233,172722,664,5497541
exp2,COMiniSatPS-0,gss-18-s100.cnf,31364,94069,912.224,189757,201416,138,2134753231
exp2,glucose,mrpp_6x6#10_10.cnf,4931,32359,0.857869,30139,229715,105,1631434
exp5,wrapper-85,manthey_DimacsSorterHalf_30_3.cnf,3740,11875,48.7946,277406,344914,710,91072178
exp2,COMiniSatPS-3,manthey_single-ordered-initialized-w54-b9.cnf,16281,128527,245.061,475850,948467,1520,790476735
exp2,COMiniSatPS-0,mrpp_4x4#6_16.cnf,3328,17780,0.239963,6916,144496,68,1204070
exp2,SWDiA5BY,manthey_DimacsSorterHalf_30_3.cnf,3740,11875,44.0053,251962,307927,543,65633337
exp2,SWDiA5BY,manthey_single-ordered-initialized-w20-b10.cnf,3400,21268,0.089986,417,3836,3,106908
exp2,COMiniSatPS-6,mrpp_4x4#4_5.cnf,963,4981,0.005999,495,5290,2,28242
exp2,SWDiA5BY,mrpp_6x6#10_10.cnf,4931,32359,0.496924,14455,120667,65,819214
exp2,COMiniSatPS-6,manthey_DimacsSorter_30_4.cnf,3723,11743,94.7706,503560,591517,508,210082280
exp5,wrapper-85,manthey_DimacsSorter_28_4.cnf,3666,11883,99.1029,755975,912039,1695,261925430
exp1,glucose,42bits_12.dimacs.cnf,538,14509,108.36,605700,690377,914,43288096
exp5,wrapper-85,manthey_single-ordered-initialized-w14-b7.cnf,1225,6781,0.029995,367,950,2,31470
exp2,lingeling-aqw,46bits_12.dimacs.cnf,697,17080,482.4,1461488,1679521,,143888211
exp4,wrapper-glucose,mrpp_4x4#6_16.cnf,3328,17780,0.247962,8075,76945,46,427971
exp3,wrapperLBD,manthey_DimacsSorter_35_7.cnf,6838,23203,524.249,2539574,3220310,6535,1247092415
exp2,COMiniSatPS-0,manthey_DimacsSorter_32_1.cnf,4927,16333,79.6689,382818,485875,756,225797494
exp5,wrapper-60,mrpp_6x6#10_8.cnf,3893,25462,0.302953,9995,48908,66,454465
exp2,COMiniSatPS-2,manthey_DimacsSorter_28_4.cnf,3666,11883,216.206,909058,1075861,1758,408259484
exp4,wrapper-luby,mrpp_4x4#4_5.cnf,963,4981,0.016997,220,962,3,5965
exp5,wrapper-95,manthey_DimacsSorter_28_7.cnf,3507,11386,39.8489,278925,347830,847,95979910
exp3,wrapperLBD,manthey_DimacsSorterHalf_30_3.cnf,3740,11875,22.7785,174411,229442,704,53920717
exp5,wrapper-85,vmpc_33.cnf,1089,177375,1216.78,4525381,9095061,22402,739572636
exp5,wrapper-60,manthey_DimacsSorter_28_3.cnf,3553,11381,17.6493,90378,115716,160,32090631
exp5,wrapper-60,38bits_10.dimacs.cnf,448,12700,12.7861,115753,157902,427,4496632
exp4,wrapper-glucose,manthey_DimacsSorter_30_6.cnf,3638,11677,140.637,676008,838752,2067,205463458
exp4,wrapper-glucose,manthey_DimacsSorter_28_3.cnf,3553,11381,85.0591,425010,530804,1713,150364790
exp5,wrapper-base,manthey_single-ordered-initialized-w12-b6.cnf,792,4096,0.016997,111,519,2,6573
exp3,wrapperLBD,manthey_DimacsSorter_28_4.cnf,3666,11883,158.306,892291,1090090,2367,306345378
exp1,glucose-NR,manthey_DimacsSorterHalf_30_0.cnf,3612,11612,217.679,399053,495845,1227,101340103
exp5,wrapper-85,46bits_11.dimacs.cnf,689,16922,178.233,641474,834294,2485,42462612
exp1,glucose,manthey_DimacsSorter_28_3.cnf,3553,11381,52.503,333942,403940,892,95183705
exp2,COMiniSatPS-1,mrpp_4x4#4_5.cnf,963,4981,0.007998,371,5589,1,23805
exp2,COMiniSatPS-6,manthey_DimacsSorter_28_0.cnf,3986,13057,0.909861,6371,8591,39,3900261
exp2,glucose,manthey_DimacsSorter_30_1.cnf,3606,11560,74.2827,376975,465587,861,97281739
exp5,wrapper-base,manthey_DimacsSorter_28_0.cnf,3986,13057,37.3783,148224,203285,721,57001421
exp2,COMiniSatPS-5,manthey_DimacsSorterHalf_30_7.cnf,3922,12464,47.2878,263767,326992,589,115784191
exp2,COMiniSatPS-1,mrpp_4x4#8_8.cnf,1744,10897,0.098984,3006,27422,25,330612
exp2,COMiniSatPS-1,manthey_single-ordered-initialized-w12-b6.cnf,792,4096,0.003999,65,242,1,7346
exp2,COMiniSatPS-5,vmpc_33.cnf,1089,177375,548.038,2589277,5132485,9875,412413900
exp3,wrapperClause,mrpp_4x4#8_8.cnf,1744,10897,0.119981,7260,22206,55,285944
exp2,lingeling-aqw,48bits_14.dimacs.cnf,688,18150,39.4,252767,300187,,22545994
exp2,glucose,manthey_DimacsSorter_35_7.cnf,6838,23203,604.216,1865475,2328425,4070,765744804
exp2,glucose,manthey_DimacsSorter_30_5.cnf,3843,12306,67.2508,413941,527904,1358,105852595
exp2,lingeling-ayv,vmpc_33.cnf,1089,177375,4874.2,9687884,21076910,,1395367630
exp4,wrapper-glucose,42bits_12.dimacs.cnf,538,14509,182.793,549211,651953,1102,37011532
exp3,wrapperLBD,44bits_11.dimacs.cnf,609,15417,468.053,1225877,1446719,2591,86872027
exp5,wrapper-60,mrpp_6x6#10_10.cnf,4931,32359,0.871867,27146,197386,152,1522918
exp2,lingeling-aqw,mrpp_4x4#8_8.cnf,1744,11025,0.2,1869,16685,,131698
exp3,wrapperLBD,manthey_DimacsSorterHalf_30_0.cnf,3612,11612,60.3438,313913,411992,1465,95984785
exp5,wrapper-60,manthey_single-ordered-initialized-w20-b10.cnf,3400,21268,0.13098,1457,5767,10,309847
exp2,glucose,manthey_DimacsSorterHalf_30_3.cnf,3740,11875,50.8723,281651,345181,650,71234161
exp2,COMiniSatPS-3,manthey_single-ordered-initialized-w14-b7.cnf,1225,6781,0.005999,143,534,1,27335
exp5,wrapper-95,mrpp_4x4#6_16.cnf,3328,17780,0.118981,5361,53399,25,309113
exp5,wrapper-60,manthey_DimacsSorter_30_6.cnf,3638,11677,126.152,659767,852096,1866,183531258
exp2,COMiniSatPS-4,manthey_DimacsSorter_28_7.cnf,3507,11386,48.2967,213310,257791,467,93455203
exp2,COMiniSatPS-5,manthey_DimacsSorterHalf_28_4.cnf,3666,11883,204.5,963970,1117767,1478,433032459
exp2,COMiniSatPS-5,manthey_single-ordered-initialized-w14-b7.cnf,1225,6781,0.004999,143,534,1,27335
exp2,COMiniSatPS-4,vmpc_29.cnf,841,120147,502.986,2015643,3706931,7152,267285146
exp2,COMiniSatPS-2,manthey_DimacsSorterHalf_30_0.cnf,3612,11612,57.5073,252598,309013,510,107556706
exp2,COMiniSatPS-2,manthey_DimacsSorterHalf_28_4.cnf,3666,11883,224.151,909058,1075861,1758,408259484
exp5,wrapper-95,48bits_14.dimacs.cnf,688,18150,402.736,1090995,1290916,2895,107044174
exp2,lingeling-ayv,manthey_single-ordered-initialized-w54-b9.cnf,16281,135720,200.2,346835,1445748,,292768903
exp2,COMiniSatPS-0,46bits_11.dimacs.cnf,689,16922,1162.35,2160315,2482554,2579,203345727
exp2,glucose,mrpp_4x4#8_8.cnf,1744,10897,0.157975,6351,18631,42,248178
exp2,COMiniSatPS-3,46bits_11.dimacs.cnf,689,16922,1369.0,2887348,3262952,4948,307015154
exp5,wrapper-85,manthey_single-ordered-initialized-w54-b9.cnf,16281,128527,341.64,968593,1822384,3467,1021053926
exp5,wrapper-95,manthey_DimacsSorter_30_6.cnf,3638,11677,140.22,716500,882218,1472,226433683
exp2,lingeling-aqw,manthey_DimacsSorter_28_4.cnf,3666,11883,460.4,1464249,2418477,,364525163
exp5,wrapper-95,manthey_DimacsSorter_28_3.cnf,3553,11381,48.9426,332353,394437,587,121096128
exp5,wrapper-95,44bits_11.dimacs.cnf,609,15417,179.585,987121,1184615,2586,54678419
exp2,lingeling-ayv,manthey_DimacsSorterHalf_30_3.cnf,3740,11875,23.2,147541,194687,,41444992
exp5,wrapper-60,mrpp_4x4#6_20.cnf,4188,22452,0.265959,11939,126099,59,705822
exp2,COMiniSatPS-4,manthey_DimacsSorter_28_3.cnf,3553,11381,53.0629,264116,320977,764,123882763
exp3,wrapperLBD,mrpp_4x4#8_8.cnf,1744,10897,0.217966,8267,23865,65,341856
exp5,wrapper-85,manthey_DimacsSorter_28_7.cnf,3507,11386,73.3119,422764,525160,1188,145047523
exp2,COMiniSatPS-5,manthey_single-ordered-initialized-w48-b8.cnf,11520,89110,25.6471,108353,223408,374,134675929
exp2,COMiniSatPS-0,manthey_DimacsSorter_30_6.cnf,3638,11677,115.749,551493,658249,726,224778062
exp2,COMiniSatPS-2,mrpp_4x4#8_8.cnf,1744,10897,0.065989,3006,27422,25,330612
exp2,COMiniSatPS-1,manthey_DimacsSorterHalf_32_1.cnf,4927,16333,245.504,1039185,1298524,2202,573708108
exp1,glucose-NR,mrpp_4x4#4_5.cnf,963,4981,0.015997,173,757,1,4354
exp5,wrapper-base,mrpp_4x4#8_8.cnf,1744,10897,0.167974,6845,20494,49,263329
exp2,glucose,48bits_14.dimacs.cnf,688,18150,1095.59,2923237,3358005,10078,293676621
exp5,wrapper-95,42bits_12.dimacs.cnf,538,14509,119.059,361225,417440,1274,30482472
exp3,wrapperClause,42bits_12.dimacs.cnf,538,14509,258.805,654050,744741,1592,53196462
exp4,wrapper-luby,manthey_DimacsSorterHalf_30_0.cnf,3612,11612,78.698,395677,493327,956,118706404
exp3,wrapperLBD,mrpp_4x4#6_16.cnf,3328,17780,0.235964,8075,76945,46,427971
exp5,wrapper-85,vmpc_29.cnf,841,120147,198.483,1038865,2050907,5031,142904412
exp2,SWDiA5BY,40bits_10.dimacs.cnf,446,12980,17.4483,120195,149414,258,6029617
exp5,wrapper-60,mrpp_4x4#4_5.cnf,963,4981,0.015997,89,417,1,2136
exp1,glucose,vmpc_29.cnf,841,120147,179.115,1270701,2728971,5972,170168672
exp2,COMiniSatPS-5,42bits_12.dimacs.cnf,538,14509,144.927,507784,576472,814,39656837
exp2,COMiniSatPS-2,gss-18-s100.cnf,31364,94069,694.182,197028,209096,136,2128538891
exp2,COMiniSatPS-6,mrpp_6x6#10_8.cnf,3893,25462,0.313952,7746,104605,65,1045189
exp2,COMiniSatPS-0,mrpp_6x6#10_10.cnf,4931,32359,0.745886,13791,256620,113,2495514
exp2,COMiniSatPS-6,46bits_14.dimacs.cnf,690,16938,665.105,1231250,1386409,2758,128839710
exp5,wrapper-60,manthey_DimacsSorter_28_4.cnf,3666,11883,488.004,1800676,2227498,4444,514227485
exp2,lingeling-aqw,mrpp_8x8#22_11.cnf,9854,79956,75.7,385651,2232576,,60703888
exp5,wrapper-85,mrpp_4x4#4_5.cnf,963,4981,0.017997,89,417,1,2136
exp4,wrapper-glucose,manthey_DimacsSorterHalf_30_7.cnf,3922,12464,79.4579,505104,639125,1491,162725431
exp2,SWDiA5BY,mrpp_4x4#4_5.cnf,963,4981,0.011998,173,757,1,4354
exp5,wrapper-85,manthey_single-ordered-initialized-w12-b6.cnf,792,4096,0.016997,99,401,1,6950
exp3,wrapperClause,manthey_DimacsSorter_28_7.cnf,3507,11386,83.3963,438013,550264,1464,149109375
exp5,wrapper-base,40bits_10.dimacs.cnf,446,12980,5.71913,53367,72151,234,2136610
exp4,wrapper-glucose,vmpc_33.cnf,1089,177375,159.214,1238426,2893673,6987,206668089
exp3,wrapperClause,manthey_single-ordered-initialized-w20-b10.cnf,3400,21268,0.085986,1322,5255,11,281144
exp5,wrapper-base,manthey_DimacsSorter_30_1.cnf,3606,11560,60.4608,364904,453758,975,111753082
exp3,wrapperLBD,mrpp_4x4#6_20.cnf,4188,22452,0.579911,19865,183535,96,1096833
exp4,wrapper-luby,mrpp_6x6#10_8.cnf,3893,25462,0.189971,9233,42515,39,374663
exp5,wrapper-60,vmpc_33.cnf,1089,177375,1929.16,7689754,19259544,36368,1110306713
exp2,COMiniSatPS-2,manthey_single-ordered-initialized-w12-b6.cnf,792,4096,0.003999,65,242,1,7346
exp2,COMiniSatPS-4,vmpc_33.cnf,1089,177375,797.712,3199021,6345616,11789,514984852
exp5,wrapper-95,40bits_10.dimacs.cnf,446,12980,37.6053,174063,202694,596,11416631
exp2,lingeling-aqw,40bits_10.dimacs.cnf,446,12980,25.2,183579,217406,,11217403
exp2,COMiniSatPS-0,mrpp_4x4#10_9.cnf,1976,12182,0.603908,15244,49827,135,1727347
exp5,wrapper-85,48bits_14.dimacs.cnf,688,18150,454.92,1101301,1311984,5473,111677038
exp3,wrapperLBD,manthey_single-ordered-initialized-w12-b6.cnf,792,4096,0.016997,111,496,1,6412
exp2,SWDiA5BY,48bits_14.dimacs.cnf,688,18150,3691.45,3332080,3806351,11020,336615140
exp2,lingeling-aqw,gss-18-s100.cnf,31364,94269,296.6,212025,241086,,934801980
exp2,SWDiA5BY,aes_32_3_keyfind_1.cnf,708,2540,5437.87,14701737,15420582,3618,1006506009
exp2,lingeling-aqw,manthey_DimacsSorter_35_1.cnf,6945,23459,5497.4,10958231,19851758,,4320823582
exp1,glucose,manthey_DimacsSorter_32_1.cnf,4927,16333,280.726,1103972,1480865,4928,395586456
exp5,wrapper-base,manthey_DimacsSorter_28_7.cnf,3507,11386,62.0256,347014,434727,1192,114774481
exp2,COMiniSatPS-5,manthey_DimacsSorter_28_7.cnf,3507,11386,3.85141,28549,39200,126,13753947
exp2,glucose,38bits_10.dimacs.cnf,448,12700,36.8514,333991,398696,593,18937377
exp5,wrapper-base,mrpp_4x4#6_16.cnf,3328,17780,0.291955,9990,88050,50,519836
exp2,COMiniSatPS-2,mrpp_8x8#22_11.cnf,9854,79376,42.1186,354345,1582886,1950,72223938
exp5,wrapper-60,manthey_DimacsSorter_32_1.cnf,4927,16333,810.161,3798310,4935848,10679,1411085836
exp1,glucose,38bits_10.dimacs.cnf,448,12700,36.4465,333991,398696,593,18937377
exp4,wrapper-luby,manthey_DimacsSorter_30_4.cnf,3723,11743,136.663,711147,849664,1533,217098757
exp2,COMiniSatPS-6,vmpc_29.cnf,841,120147,216.364,1000037,1895193,3780,134510674
exp4,wrapper-luby,manthey_DimacsSorter_30_6.cnf,3638,11677,141.558,678373,827242,1468,201573766
exp2,COMiniSatPS-5,mrpp_4x4#6_16.cnf,3328,17780,0.329949,6277,146666,62,1139319
exp3,wrapperClause,mrpp_4x4#6_20.cnf,4188,22452,1.09283,33481,299939,203,1884889
exp2,lingeling-ayv,manthey_single-ordered-initialized-w48-b8.cnf,11520,94764,99.1,215127,789240,,124729434
exp1,glucose,mrpp_6x6#10_8.cnf,3893,25462,0.181972,9529,41988,39,385530
exp2,COMiniSatPS-2,46bits_11.dimacs.cnf,689,16922,636.192,1862848,2136433,3230,189396232
exp5,wrapper-95,manthey_DimacsSorterHalf_30_3.cnf,3740,11875,29.3835,187008,236113,504,63548989
exp5,wrapper-85,manthey_DimacsSorterHalf_32_1.cnf,4927,16333,140.7,595140,835140,2457,272975442
exp5,wrapper-95,manthey_DimacsSorterHalf_30_7.cnf,3922,12464,83.0244,476116,594275,1043,157969060
exp3,wrapperClause,manthey_DimacsSorterHalf_30_7.cnf,3922,12464,104.619,528529,677752,2228,171424795
exp5,wrapper-base,mrpp_8x8#22_11.cnf,9854,79376,65.4311,463063,1129314,2821,43696825
exp3,wrapperLBD,gss-18-s100.cnf,31364,94069,9.30158,11235,14298,31,54185701
exp5,wrapper-85,manthey_DimacsSorter_30_5.cnf,3843,12306,129.925,663522,840881,2020,208880387
exp5,wrapper-95,vmpc_33.cnf,1089,177375,1318.19,5739447,11297338,23024,925438113
exp3,wrapperLBD,46bits_11.dimacs.cnf,689,16922,1771.99,1945089,2248136,7395,189710114
exp5,wrapper-95,manthey_DimacsSorter_30_4.cnf,3723,11743,132.355,805246,957069,1229,256208663
exp2,COMiniSatPS-5,manthey_DimacsSorterHalf_30_0.cnf,3612,11612,69.6834,396852,478191,686,162198284
exp2,COMiniSatPS-2,mrpp_4x4#6_20.cnf,4188,22452,0.504923,8792,228317,85,1804075
exp5,wrapper-base,vmpc_33.cnf,1089,177375,212.059,1526831,3355411,5688,248750603
exp3,wrapperLBD,manthey_DimacsSorterHalf_28_4.cnf,3666,11883,182.482,892291,1090090,2367,306345378
exp2,lingeling-ayv,40bits_10.dimacs.cnf,446,12980,52.5,283253,340350,,15585285
exp2,SWDiA5BY,vmpc_33.cnf,1089,177375,222.656,1557088,3569265,8005,251387321
exp2,COMiniSatPS-0,manthey_DimacsSorterHalf_28_4.cnf,3666,11883,217.059,883681,1035506,1443,391881111
exp4,wrapper-luby,42bits_12.dimacs.cnf,538,14509,47.4268,308830,375371,762,19123609
exp2,lingeling-ayv,46bits_12.dimacs.cnf,697,17080,383.5,1225801,1366406,,118269360
exp1,glucose-NR,38bits_10.dimacs.cnf,448,12700,9.76851,79384,112604,335,2830941
exp3,wrapperLBD,manthey_single-ordered-initialized-w14-b7.cnf,1225,6781,0.028995,273,954,3,20521
exp5,wrapper-85,manthey_DimacsSorter_35_7.cnf,6838,23203,507.537,2579126,3218947,5227,1283838169
exp2,lingeling-ayv,42bits_12.dimacs.cnf,538,14509,207.6,643063,743623,,51254027
exp2,lingeling-aqw,manthey_single-ordered-initialized-w48-b8.cnf,11520,94764,36.5,140017,526545,,65690495
exp3,wrapperLBD,manthey_DimacsSorterHalf_30_7.cnf,3922,12464,101.548,505104,639125,1491,162725431
exp2,COMiniSatPS-3,mrpp_4x4#4_5.cnf,963,4981,0.004999,365,5967,1,25280
exp1,glucose,manthey_single-ordered-initialized-w12-b6.cnf,792,4096,0.013997,94,438,1,6182
