experiment,solver,formula,variables,clauses,runtime,conflicts,decisions,restarts,propagations,entropy,backbone,num_sols,chi_square,cpu_time
exp2,COMiniSatPS-5,C168_FW_UT_518.cnf,1909,6331,0.003999,2,444,1.0,2154,0.193598,0.764798,7.830457e+98,0.0,0.004999
exp4,wrapper-luby,C168_FW_UT_518.cnf,1909,6331,0.020996,0,16,1.0,1434,0.193598,0.764798,7.830457e+98,0.0,0.004999
exp2,COMiniSatPS-6,C168_FW_UT_518.cnf,1909,6331,0.001999,2,444,1.0,2154,0.193598,0.764798,7.830457e+98,0.0,0.004999
exp2,COMiniSatPS-0,C168_FW_UT_518.cnf,1909,6331,0.002999,2,444,1.0,2154,0.193598,0.764798,7.830457e+98,0.0,0.004999
exp3,wrapperLBD,C168_FW_UT_518.cnf,1909,6331,0.015997,0,16,1.0,1434,0.193598,0.764798,7.830457e+98,0.0,0.004999
exp2,SWDiA5BY,C168_FW_UT_518.cnf,1909,6331,0.017997,0,16,1.0,1434,0.193598,0.764798,7.830457e+98,0.0,0.004999
exp2,COMiniSatPS-1,C168_FW_UT_518.cnf,1909,6331,0.002999,2,444,1.0,2154,0.193598,0.764798,7.830457e+98,0.0,0.004999
exp5,wrapper-base,C168_FW_UT_518.cnf,1909,6331,0.015997,0,16,1.0,1434,0.193598,0.764798,7.830457e+98,0.0,0.004999
exp1,glucose-NR,C168_FW_UT_518.cnf,1909,6331,0.013997,0,16,1.0,1434,0.193598,0.764798,7.830457e+98,0.0,0.004999
exp1,glucose,C168_FW_UT_518.cnf,1909,6331,0.012998,0,16,1.0,1434,0.193598,0.764798,7.830457e+98,0.0,0.004999
exp2,glucose,C168_FW_UT_518.cnf,1909,6331,0.018997,0,16,1.0,1434,0.193598,0.764798,7.830457e+98,0.0,0.004999
exp2,COMiniSatPS-4,C168_FW_UT_518.cnf,1909,6331,0.001999,2,444,1.0,2154,0.193598,0.764798,7.830457e+98,0.0,0.004999
exp5,wrapper-60,C168_FW_UT_518.cnf,1909,6331,0.014997,0,16,1.0,1434,0.193598,0.764798,7.830457e+98,0.0,0.004999
exp2,lingeling-aqw,C168_FW_UT_518.cnf,1909,7511,0.0,0,25,,1451,0.193598,0.764798,7.830457e+98,0.0,0.004999
exp2,lingeling-ayv,C168_FW_UT_518.cnf,1909,7511,0.1,0,0,,1408,0.193598,0.764798,7.830457e+98,0.0,0.004999
exp3,wrapperClause,C168_FW_UT_518.cnf,1909,6331,0.020996,0,16,1.0,1434,0.193598,0.764798,7.830457e+98,0.0,0.004999
exp5,wrapper-95,C168_FW_UT_518.cnf,1909,6331,0.022996,0,16,1.0,1434,0.193598,0.764798,7.830457e+98,0.0,0.004999
exp5,wrapper-85,C168_FW_UT_518.cnf,1909,6331,0.021996,0,16,1.0,1434,0.193598,0.764798,7.830457e+98,0.0,0.004999
exp2,COMiniSatPS-2,C168_FW_UT_518.cnf,1909,6331,0.003999,2,444,1.0,2154,0.193598,0.764798,7.830457e+98,0.0,0.004999
exp4,wrapper-glucose,C168_FW_UT_518.cnf,1909,6331,0.022996,0,16,1.0,1434,0.193598,0.764798,7.830457e+98,0.0,0.004999
exp2,COMiniSatPS-3,C168_FW_UT_518.cnf,1909,6331,0.003999,2,444,1.0,2154,0.193598,0.764798,7.830457e+98,0.0,0.004999
exp2,lingeling-ayv,modgen-n200-m90860q08c40-15606.cnf,2200,9086,169.9,570950,1098792,,122347694,0.1537,0.809091,5.12819e+73,0.0,10.5574
exp2,COMiniSatPS-6,modgen-n200-m90860q08c40-15606.cnf,2200,9086,47.9127,280213,413581,1055.0,59385637,0.1537,0.809091,5.12819e+73,0.0,10.5574
exp5,wrapper-95,modgen-n200-m90860q08c40-15606.cnf,2200,9086,81.5806,370793,529984,1548.0,81866527,0.1537,0.809091,5.12819e+73,0.0,10.5574
exp2,COMiniSatPS-3,modgen-n200-m90860q08c40-15606.cnf,2200,9086,12.5631,87535,175358,643.0,16593749,0.1537,0.809091,5.12819e+73,0.0,10.5574
exp2,COMiniSatPS-5,modgen-n200-m90860q08c40-15606.cnf,2200,9086,89.0995,381346,535167,1359.0,82778287,0.1537,0.809091,5.12819e+73,0.0,10.5574
exp2,COMiniSatPS-1,modgen-n200-m90860q08c40-15606.cnf,2200,9086,31.9181,273185,411711,1162.0,58421083,0.1537,0.809091,5.12819e+73,0.0,10.5574
exp2,COMiniSatPS-2,modgen-n200-m90860q08c40-15606.cnf,2200,9086,65.984,341805,496007,1308.0,74451197,0.1537,0.809091,5.12819e+73,0.0,10.5574
exp4,wrapper-luby,modgen-n200-m90860q08c40-15606.cnf,2200,9086,28.3587,190568,288252,509.0,38280204,0.1537,0.809091,5.12819e+73,0.0,10.5574
exp2,SWDiA5BY,modgen-n200-m90860q08c40-15606.cnf,2200,9086,34.6547,192255,305909,977.0,37686512,0.1537,0.809091,5.12819e+73,0.0,10.5574
exp2,lingeling-aqw,modgen-n200-m90860q08c40-15606.cnf,2200,9086,208.5,549814,1053055,,114873529,0.1537,0.809091,5.12819e+73,0.0,10.5574
exp2,COMiniSatPS-4,modgen-n200-m90860q08c40-15606.cnf,2200,9086,44.1493,244462,371601,1023.0,52254724,0.1537,0.809091,5.12819e+73,0.0,10.5574
exp4,wrapper-glucose,modgen-n200-m90860q08c40-15606.cnf,2200,9086,31.4272,167214,290927,1161.0,33215634,0.1537,0.809091,5.12819e+73,0.0,10.5574
exp1,glucose-NR,modgen-n200-m90860q08c40-15606.cnf,2200,9086,37.9082,141987,246645,853.0,26575171,0.1537,0.809091,5.12819e+73,0.0,10.5574
exp3,wrapperClause,modgen-n200-m90860q08c40-15606.cnf,2200,9086,48.0457,259009,398892,1584.0,54528075,0.1537,0.809091,5.12819e+73,0.0,10.5574
exp2,COMiniSatPS-0,modgen-n200-m90860q08c40-15606.cnf,2200,9086,19.1671,169132,282023,928.0,34965091,0.1537,0.809091,5.12819e+73,0.0,10.5574
exp1,glucose,modgen-n200-m90860q08c40-15606.cnf,2200,9086,26.125,247756,377158,1128.0,50105810,0.1537,0.809091,5.12819e+73,0.0,10.5574
exp3,wrapperLBD,modgen-n200-m90860q08c40-15606.cnf,2200,9086,32.0071,167214,290927,1161.0,33215634,0.1537,0.809091,5.12819e+73,0.0,10.5574
exp5,wrapper-base,modgen-n200-m90860q08c40-15606.cnf,2200,9086,82.1985,341428,492020,1583.0,72684485,0.1537,0.809091,5.12819e+73,0.0,10.5574
exp5,wrapper-60,modgen-n200-m90860q08c40-15606.cnf,2200,9086,98.2761,386205,603710,1913.0,78510796,0.1537,0.809091,5.12819e+73,0.0,10.5574
exp2,glucose,modgen-n200-m90860q08c40-15606.cnf,2200,9086,40.0529,247756,377158,1128.0,50105810,0.1537,0.809091,5.12819e+73,0.0,10.5574
exp5,wrapper-85,modgen-n200-m90860q08c40-15606.cnf,2200,9086,19.974,118165,216379,956.0,24010092,0.1537,0.809091,5.12819e+73,0.0,10.5574
exp5,wrapper-base,mp1-klieber2017s-0500-023-t12.cnf,30587,91689,126.57,338627,369019,329.0,360767197,0.0,1.0,1.0,0.0,1374.32
exp2,glucose,mp1-klieber2017s-0500-023-t12.cnf,30587,91689,495.953,800798,843843,446.0,800885425,0.0,1.0,1.0,0.0,1374.32
exp2,lingeling-aqw,mp1-klieber2017s-0500-023-t12.cnf,30587,91703,51.6,100454,119329,,82292396,0.0,1.0,1.0,0.0,1374.32
exp2,lingeling-ayv,mp1-klieber2017s-0500-023-t12.cnf,30587,91703,538.9,763841,866895,,599625329,0.0,1.0,1.0,0.0,1374.32
exp2,COMiniSatPS-6,mp1-klieber2017s-0500-023-t12.cnf,30587,91689,2055.68,889895,926161,177.0,3614689003,0.0,1.0,1.0,0.0,1374.32
exp4,wrapper-glucose,mp1-klieber2017s-0500-023-t12.cnf,30587,91689,94.9346,205596,227604,255.0,224838507,0.0,1.0,1.0,0.0,1374.32
exp2,COMiniSatPS-2,mp1-klieber2017s-0500-023-t12.cnf,30587,91689,1686.32,712278,749135,230.0,2772540840,0.0,1.0,1.0,0.0,1374.32
exp4,wrapper-luby,mp1-klieber2017s-0500-023-t12.cnf,30587,91689,167.246,462493,511121,1023.0,484819571,0.0,1.0,1.0,0.0,1374.32
exp3,wrapperClause,mp1-klieber2017s-0500-023-t12.cnf,30587,91689,279.098,543100,587939,528.0,578484239,0.0,1.0,1.0,0.0,1374.32
exp2,COMiniSatPS-5,mp1-klieber2017s-0500-023-t12.cnf,30587,91689,903.192,408974,430923,116.0,1595217611,0.0,1.0,1.0,0.0,1374.32
exp5,wrapper-60,mp1-klieber2017s-0500-023-t12.cnf,30587,91689,621.133,915818,1135905,758.0,1035279303,0.0,1.0,1.0,0.0,1374.32
exp2,COMiniSatPS-1,mp1-klieber2017s-0500-023-t12.cnf,30587,91689,748.022,388597,414263,215.0,1493396379,0.0,1.0,1.0,0.0,1374.32
exp5,wrapper-85,mp1-klieber2017s-0500-023-t12.cnf,30587,91689,258.931,707910,756459,1102.0,770442072,0.0,1.0,1.0,0.0,1374.32
exp2,COMiniSatPS-4,mp1-klieber2017s-0500-023-t12.cnf,30587,91689,788.224,412613,434924,105.0,1596405509,0.0,1.0,1.0,0.0,1374.32
exp1,glucose-NR,mp1-klieber2017s-0500-023-t12.cnf,30587,91689,102.509,172209,187466,115.0,172394170,0.0,1.0,1.0,0.0,1374.32
exp5,wrapper-95,mp1-klieber2017s-0500-023-t12.cnf,30587,91689,455.527,850761,898728,662.0,914572951,0.0,1.0,1.0,0.0,1374.32
exp2,COMiniSatPS-0,mp1-klieber2017s-0500-023-t12.cnf,30587,91689,561.948,358959,382349,212.0,1379149551,0.0,1.0,1.0,0.0,1374.32
exp1,glucose,mp1-klieber2017s-0500-023-t12.cnf,30587,91689,445.119,800798,843843,446.0,800885425,0.0,1.0,1.0,0.0,1374.32
exp2,COMiniSatPS-3,mp1-klieber2017s-0500-023-t12.cnf,30587,91689,2073.22,923812,964717,191.0,3707634158,0.0,1.0,1.0,0.0,1374.32
exp3,wrapperLBD,mp1-klieber2017s-0500-023-t12.cnf,30587,91689,95.1545,205596,227604,255.0,224838507,0.0,1.0,1.0,0.0,1374.32
exp2,SWDiA5BY,mp1-klieber2017s-0500-023-t12.cnf,30587,91689,399.62,778451,824790,640.0,774347181,0.0,1.0,1.0,0.0,1374.32
exp4,wrapper-luby,mp1-klieber2017s-0490-022-t12.cnf,29873,89550,25.9091,73136,88171,228.0,77558039,0.0,1.0,1.0,0.0,406.747
exp2,COMiniSatPS-1,mp1-klieber2017s-0490-022-t12.cnf,29873,89550,355.806,186169,197176,82.0,724103779,0.0,1.0,1.0,0.0,406.747
exp2,lingeling-ayv,mp1-klieber2017s-0490-022-t12.cnf,29873,89564,74.8,174803,200522,,139414485,0.0,1.0,1.0,0.0,406.747
exp2,COMiniSatPS-6,mp1-klieber2017s-0490-022-t12.cnf,29873,89550,413.262,221396,233300,95.0,862798145,0.0,1.0,1.0,0.0,406.747
exp2,COMiniSatPS-3,mp1-klieber2017s-0490-022-t12.cnf,29873,89550,750.345,355791,373181,104.0,1406877218,0.0,1.0,1.0,0.0,406.747
exp2,COMiniSatPS-2,mp1-klieber2017s-0490-022-t12.cnf,29873,89550,898.733,521439,544240,109.0,2065461962,0.0,1.0,1.0,0.0,406.747
exp5,wrapper-60,mp1-klieber2017s-0490-022-t12.cnf,29873,89550,918.627,1175274,1425299,1311.0,1317192393,0.0,1.0,1.0,0.0,406.747
exp2,COMiniSatPS-0,mp1-klieber2017s-0490-022-t12.cnf,29873,89550,943.148,438366,458391,104.0,1741280553,0.0,1.0,1.0,0.0,406.747
exp2,SWDiA5BY,mp1-klieber2017s-0490-022-t12.cnf,29873,89550,209.066,406823,427789,62.0,403090985,0.0,1.0,1.0,0.0,406.747
exp5,wrapper-85,mp1-klieber2017s-0490-022-t12.cnf,29873,89550,112.634,238625,254755,281.0,254480679,0.0,1.0,1.0,0.0,406.747
exp2,COMiniSatPS-4,mp1-klieber2017s-0490-022-t12.cnf,29873,89550,982.966,572262,595939,128.0,2310721129,0.0,1.0,1.0,0.0,406.747
exp2,glucose,mp1-klieber2017s-0490-022-t12.cnf,29873,89550,277.943,482658,507983,198.0,486469514,0.0,1.0,1.0,0.0,406.747
exp4,wrapper-glucose,mp1-klieber2017s-0490-022-t12.cnf,29873,89550,174.856,348763,373189,135.0,366451586,0.0,1.0,1.0,0.0,406.747
exp1,glucose-NR,mp1-klieber2017s-0490-022-t12.cnf,29873,89550,155.197,272003,288298,118.0,269883238,0.0,1.0,1.0,0.0,406.747
exp3,wrapperLBD,mp1-klieber2017s-0490-022-t12.cnf,29873,89550,137.579,348763,373189,135.0,366451586,0.0,1.0,1.0,0.0,406.747
exp5,wrapper-base,mp1-klieber2017s-0490-022-t12.cnf,29873,89550,105.355,220732,239880,174.0,230833926,0.0,1.0,1.0,0.0,406.747
exp1,glucose,mp1-klieber2017s-0490-022-t12.cnf,29873,89550,278.898,482658,507983,198.0,486469514,0.0,1.0,1.0,0.0,406.747
exp2,COMiniSatPS-5,mp1-klieber2017s-0490-022-t12.cnf,29873,89550,516.011,279058,293456,97.0,1099583959,0.0,1.0,1.0,0.0,406.747
exp5,wrapper-95,mp1-klieber2017s-0490-022-t12.cnf,29873,89550,44.6622,125319,134378,91.0,132910384,0.0,1.0,1.0,0.0,406.747
exp3,wrapperClause,mp1-klieber2017s-0490-022-t12.cnf,29873,89550,117.929,320946,342302,43.0,343184754,0.0,1.0,1.0,0.0,406.747
exp2,lingeling-aqw,mp1-klieber2017s-0490-022-t12.cnf,29873,89564,196.1,362485,411856,,296220167,0.0,1.0,1.0,0.0,406.747
exp2,SWDiA5BY,modgen-n200-m90860q08c40-25297.cnf,2200,9086,58.8051,284877,463513,1621.0,59792276,0.236555,0.662727,2.358223e+62,0.0,20.8858
exp2,COMiniSatPS-0,modgen-n200-m90860q08c40-25297.cnf,2200,9086,42.0786,246890,415968,1234.0,54421958,0.236555,0.662727,2.358223e+62,0.0,20.8858
exp1,glucose,modgen-n200-m90860q08c40-25297.cnf,2200,9086,28.0597,266371,447924,1417.0,54829188,0.236555,0.662727,2.358223e+62,0.0,20.8858
exp5,wrapper-base,modgen-n200-m90860q08c40-25297.cnf,2200,9086,63.6773,289289,469397,1605.0,61388336,0.236555,0.662727,2.358223e+62,0.0,20.8858
exp3,wrapperLBD,modgen-n200-m90860q08c40-25297.cnf,2200,9086,44.8652,275834,468730,2023.0,59701129,0.236555,0.662727,2.358223e+62,0.0,20.8858
exp2,COMiniSatPS-4,modgen-n200-m90860q08c40-25297.cnf,2200,9086,34.6277,189802,338713,1110.0,40329784,0.236555,0.662727,2.358223e+62,0.0,20.8858
exp2,lingeling-ayv,modgen-n200-m90860q08c40-25297.cnf,2200,9086,123.4,453084,947693,,97695382,0.236555,0.662727,2.358223e+62,0.0,20.8858
exp2,COMiniSatPS-1,modgen-n200-m90860q08c40-25297.cnf,2200,9086,48.7276,297266,482858,1407.0,66437881,0.236555,0.662727,2.358223e+62,0.0,20.8858
exp2,COMiniSatPS-3,modgen-n200-m90860q08c40-25297.cnf,2200,9086,9.8385,78277,179417,609.0,14493955,0.236555,0.662727,2.358223e+62,0.0,20.8858
exp5,wrapper-60,modgen-n200-m90860q08c40-25297.cnf,2200,9086,44.7002,220705,418918,1521.0,44107046,0.236555,0.662727,2.358223e+62,0.0,20.8858
exp5,wrapper-85,modgen-n200-m90860q08c40-25297.cnf,2200,9086,77.3912,353626,578670,2297.0,80017226,0.236555,0.662727,2.358223e+62,0.0,20.8858
exp2,lingeling-aqw,modgen-n200-m90860q08c40-25297.cnf,2200,9086,53.3,207611,507197,,41929855,0.236555,0.662727,2.358223e+62,0.0,20.8858
exp2,COMiniSatPS-5,modgen-n200-m90860q08c40-25297.cnf,2200,9086,44.7142,224229,383037,1233.0,48709646,0.236555,0.662727,2.358223e+62,0.0,20.8858
exp5,wrapper-95,modgen-n200-m90860q08c40-25297.cnf,2200,9086,47.2348,233744,404149,1410.0,50552520,0.236555,0.662727,2.358223e+62,0.0,20.8858
exp2,COMiniSatPS-2,modgen-n200-m90860q08c40-25297.cnf,2200,9086,60.1809,316801,509570,1436.0,71153635,0.236555,0.662727,2.358223e+62,0.0,20.8858
exp4,wrapper-luby,modgen-n200-m90860q08c40-25297.cnf,2200,9086,27.7338,195635,317300,510.0,40047860,0.236555,0.662727,2.358223e+62,0.0,20.8858
exp3,wrapperClause,modgen-n200-m90860q08c40-25297.cnf,2200,9086,10.7474,90491,207076,945.0,15532987,0.236555,0.662727,2.358223e+62,0.0,20.8858
exp4,wrapper-glucose,modgen-n200-m90860q08c40-25297.cnf,2200,9086,46.229,275834,468730,2023.0,59701129,0.236555,0.662727,2.358223e+62,0.0,20.8858
exp2,COMiniSatPS-6,modgen-n200-m90860q08c40-25297.cnf,2200,9086,59.006,323818,514680,1393.0,71962407,0.236555,0.662727,2.358223e+62,0.0,20.8858
exp1,glucose-NR,modgen-n200-m90860q08c40-25297.cnf,2200,9086,63.9283,179947,327658,1362.0,35218526,0.236555,0.662727,2.358223e+62,0.0,20.8858
exp2,glucose,modgen-n200-m90860q08c40-25297.cnf,2200,9086,31.3582,266371,447924,1417.0,54829188,0.236555,0.662727,2.358223e+62,0.0,20.8858
exp3,wrapperLBD,e2_1.c.smt2-stp212.cnf,24293,98161,0.432934,197,3846,3.0,184317,0.577075,0.276499,1.634845e+189,0.0,0.248962
exp4,wrapper-glucose,e2_1.c.smt2-stp212.cnf,24293,98161,0.415936,197,3846,3.0,184317,0.577075,0.276499,1.634845e+189,0.0,0.248962
exp1,glucose,e2_1.c.smt2-stp212.cnf,24293,98161,0.361944,218,4353,2.0,135166,0.577075,0.276499,1.634845e+189,0.0,0.248962
exp3,wrapperClause,e2_1.c.smt2-stp212.cnf,24293,98161,0.290955,112,2358,2.0,77169,0.577075,0.276499,1.634845e+189,0.0,0.248962
exp2,glucose,e2_1.c.smt2-stp212.cnf,24293,98161,0.286956,218,4353,2.0,135166,0.577075,0.276499,1.634845e+189,0.0,0.248962
exp5,wrapper-85,e2_1.c.smt2-stp212.cnf,24293,98161,0.553915,725,8216,6.0,605884,0.577075,0.276499,1.634845e+189,0.0,0.248962
exp4,wrapper-luby,e2_1.c.smt2-stp212.cnf,24293,98161,0.39294,102,2013,2.0,69995,0.577075,0.276499,1.634845e+189,0.0,0.248962
exp2,COMiniSatPS-0,e2_1.c.smt2-stp212.cnf,24293,98161,0.446932,4159,25563,23.0,2113554,0.577075,0.276499,1.634845e+189,0.0,0.248962
exp2,COMiniSatPS-5,e2_1.c.smt2-stp212.cnf,24293,98161,0.242963,877,8389,7.0,638834,0.577075,0.276499,1.634845e+189,0.0,0.248962
exp2,COMiniSatPS-2,e2_1.c.smt2-stp212.cnf,24293,98161,0.663899,4159,25563,23.0,2113554,0.577075,0.276499,1.634845e+189,0.0,0.248962
exp5,wrapper-base,e2_1.c.smt2-stp212.cnf,24293,98161,0.386941,102,2013,2.0,69995,0.577075,0.276499,1.634845e+189,0.0,0.248962
exp2,COMiniSatPS-4,e2_1.c.smt2-stp212.cnf,24293,98161,0.340948,1359,13229,7.0,1032035,0.577075,0.276499,1.634845e+189,0.0,0.248962
exp2,lingeling-ayv,e2_1.c.smt2-stp212.cnf,24293,98163,21.1,1300,20624,,1050044,0.577075,0.276499,1.634845e+189,0.0,0.248962
exp5,wrapper-60,e2_1.c.smt2-stp212.cnf,24293,98161,0.460929,722,6371,4.0,325509,0.577075,0.276499,1.634845e+189,0.0,0.248962
exp2,COMiniSatPS-3,e2_1.c.smt2-stp212.cnf,24293,98161,0.248962,1348,11812,6.0,661571,0.577075,0.276499,1.634845e+189,0.0,0.248962
exp1,glucose-NR,e2_1.c.smt2-stp212.cnf,24293,98161,0.271958,218,4353,2.0,135166,0.577075,0.276499,1.634845e+189,0.0,0.248962
exp2,COMiniSatPS-6,e2_1.c.smt2-stp212.cnf,24293,98161,0.234964,877,8389,7.0,638834,0.577075,0.276499,1.634845e+189,0.0,0.248962
exp2,COMiniSatPS-1,e2_1.c.smt2-stp212.cnf,24293,98161,0.480926,4159,25563,23.0,2113554,0.577075,0.276499,1.634845e+189,0.0,0.248962
exp5,wrapper-95,e2_1.c.smt2-stp212.cnf,24293,98161,0.452931,403,3557,3.0,360619,0.577075,0.276499,1.634845e+189,0.0,0.248962
exp2,SWDiA5BY,e2_1.c.smt2-stp212.cnf,24293,98161,0.424935,218,4353,2.0,135166,0.577075,0.276499,1.634845e+189,0.0,0.248962
exp2,lingeling-aqw,e2_1.c.smt2-stp212.cnf,24293,98163,1.2,83,4982,,76404,0.577075,0.276499,1.634845e+189,0.0,0.248962
exp2,COMiniSatPS-6,mp1-9_11.cnf,1458,19075,72.248,498137,610719,893.0,36521684,0.091209,0.845679,947.2924,81.544,1.12783
exp2,COMiniSatPS-2,mp1-9_11.cnf,1458,19075,1.45878,20413,31297,108.0,1282302,0.091209,0.845679,947.2924,81.544,1.12783
exp2,COMiniSatPS-4,mp1-9_11.cnf,1458,19075,23.0205,173252,226106,501.0,12200761,0.091209,0.845679,947.2924,81.544,1.12783
exp2,SWDiA5BY,mp1-9_11.cnf,1458,19075,19.87,172909,246544,728.0,8957619,0.091209,0.845679,947.2924,81.544,1.12783
exp2,COMiniSatPS-3,mp1-9_11.cnf,1458,19075,0.857869,18517,27904,68.0,1146987,0.091209,0.845679,947.2924,81.544,1.12783
exp2,COMiniSatPS-0,mp1-9_11.cnf,1458,19075,1.36279,20413,31297,108.0,1282302,0.091209,0.845679,947.2924,81.544,1.12783
exp2,COMiniSatPS-5,mp1-9_11.cnf,1458,19075,30.1444,211884,271437,562.0,15065793,0.091209,0.845679,947.2924,81.544,1.12783
exp5,wrapper-base,mp1-9_11.cnf,1458,19075,11.4993,89818,132287,261.0,5419295,0.091209,0.845679,947.2924,81.544,1.12783
exp2,COMiniSatPS-1,mp1-9_11.cnf,1458,19075,1.41878,20413,31297,108.0,1282302,0.091209,0.845679,947.2924,81.544,1.12783
exp5,wrapper-60,mp1-9_11.cnf,1458,19075,72.598,522277,708449,1356.0,32533673,0.091209,0.845679,947.2924,81.544,1.12783
exp4,wrapper-luby,mp1-9_11.cnf,1458,19075,2.37864,27533,43074,97.0,1532010,0.091209,0.845679,947.2924,81.544,1.12783
exp3,wrapperClause,mp1-9_11.cnf,1458,19075,36.3355,309620,451030,1826.0,20848875,0.091209,0.845679,947.2924,81.544,1.12783
exp4,wrapper-glucose,mp1-9_11.cnf,1458,19075,148.821,849846,1157472,3938.0,57761268,0.091209,0.845679,947.2924,81.544,1.12783
exp5,wrapper-95,mp1-9_11.cnf,1458,19075,360.856,1835816,2285341,3109.0,131515811,0.091209,0.845679,947.2924,81.544,1.12783
exp2,lingeling-aqw,mp1-9_11.cnf,1458,280143,19.3,164583,410466,,11800208,0.091209,0.845679,947.2924,81.544,1.12783
exp3,wrapperLBD,mp1-9_11.cnf,1458,19075,167.014,849846,1157472,3938.0,57761268,0.091209,0.845679,947.2924,81.544,1.12783
exp1,glucose,mp1-9_11.cnf,1458,19075,112.702,600876,795805,2375.0,34582386,0.091209,0.845679,947.2924,81.544,1.12783
exp5,wrapper-85,mp1-9_11.cnf,1458,19075,350.609,2171013,2747011,5980.0,158141172,0.091209,0.845679,947.2924,81.544,1.12783
exp2,glucose,mp1-9_11.cnf,1458,19075,124.959,600876,795805,2375.0,34582386,0.091209,0.845679,947.2924,81.544,1.12783
exp1,glucose-NR,mp1-9_11.cnf,1458,19075,23.0125,129505,186869,568.0,6645415,0.091209,0.845679,947.2924,81.544,1.12783
exp2,lingeling-ayv,mp1-9_11.cnf,1458,280143,81.1,686405,962437,,42266923,0.091209,0.845679,947.2924,81.544,1.12783
exp1,glucose-NR,mp1-9_38.cnf,1458,23260,2044.35,1451256,2130349,5526.0,66623960,0.115842,0.798354,2067.048,48.24,199.19
exp2,COMiniSatPS-4,mp1-9_38.cnf,1458,23260,35.2396,273627,379722,423.0,14461362,0.115842,0.798354,2067.048,48.24,199.19
exp2,glucose,mp1-9_38.cnf,1458,23260,394.872,1928365,2848532,6406.0,90473796,0.115842,0.798354,2067.048,48.24,199.19
exp2,COMiniSatPS-0,mp1-9_38.cnf,1458,23260,17.5003,238904,320718,387.0,13109668,0.115842,0.798354,2067.048,48.24,199.19
exp2,COMiniSatPS-3,mp1-9_38.cnf,1458,23260,11.1103,123405,173048,241.0,6186553,0.115842,0.798354,2067.048,48.24,199.19
exp5,wrapper-60,mp1-9_38.cnf,1458,23260,1086.1,4136506,5895533,10842.0,226621405,0.115842,0.798354,2067.048,48.24,199.19
exp2,COMiniSatPS-5,mp1-9_38.cnf,1458,23260,22.7625,230399,321393,598.0,12405249,0.115842,0.798354,2067.048,48.24,199.19
exp5,wrapper-base,mp1-9_38.cnf,1458,23260,364.303,1883919,2757519,5406.0,99249439,0.115842,0.798354,2067.048,48.24,199.19
exp1,glucose,mp1-9_38.cnf,1458,23260,328.518,1928365,2848532,6406.0,90473796,0.115842,0.798354,2067.048,48.24,199.19
exp5,wrapper-85,mp1-9_38.cnf,1458,23260,750.879,3408969,4974624,12923.0,198624064,0.115842,0.798354,2067.048,48.24,199.19
exp4,wrapper-luby,mp1-9_38.cnf,1458,23260,79.6949,603620,884508,1278.0,33076727,0.115842,0.798354,2067.048,48.24,199.19
exp2,COMiniSatPS-6,mp1-9_38.cnf,1458,23260,17.9943,210963,287173,413.0,10745773,0.115842,0.798354,2067.048,48.24,199.19
exp3,wrapperClause,mp1-9_38.cnf,1458,23260,119.463,888652,1339375,2494.0,44491322,0.115842,0.798354,2067.048,48.24,199.19
exp5,wrapper-95,mp1-9_38.cnf,1458,23260,90.5932,905347,1287004,1526.0,51420612,0.115842,0.798354,2067.048,48.24,199.19
exp4,wrapper-glucose,mp1-9_38.cnf,1458,23260,101.416,751585,1162590,2649.0,37438574,0.115842,0.798354,2067.048,48.24,199.19
exp2,lingeling-aqw,mp1-9_38.cnf,1458,280140,39.5,421944,1215250,,28075761,0.115842,0.798354,2067.048,48.24,199.19
exp2,lingeling-ayv,mp1-9_38.cnf,1458,280140,2150.2,9066305,13872904,,502049258,0.115842,0.798354,2067.048,48.24,199.19
exp2,COMiniSatPS-1,mp1-9_38.cnf,1458,23260,23.2315,279770,383795,519.0,15068921,0.115842,0.798354,2067.048,48.24,199.19
exp3,wrapperLBD,mp1-9_38.cnf,1458,23260,99.7178,751585,1162590,2649.0,37438574,0.115842,0.798354,2067.048,48.24,199.19
exp2,COMiniSatPS-2,mp1-9_38.cnf,1458,23260,21.7627,218364,297390,390.0,11801023,0.115842,0.798354,2067.048,48.24,199.19
exp2,SWDiA5BY,mp1-9_38.cnf,1458,23260,686.558,2891215,4194966,10034.0,140094447,0.115842,0.798354,2067.048,48.24,199.19
exp3,wrapperClause,mp1-9_29.cnf,1458,19741,1440.77,5087407,6297828,9932.0,356366825,0.076744,0.900549,661.3398,100.48,157.546
exp2,COMiniSatPS-1,mp1-9_29.cnf,1458,19741,169.057,1071469,1276327,1130.0,83992928,0.076744,0.900549,661.3398,100.48,157.546
exp2,COMiniSatPS-2,mp1-9_29.cnf,1458,19741,37.1564,360655,445161,442.0,27027925,0.076744,0.900549,661.3398,100.48,157.546
exp1,glucose-NR,mp1-9_29.cnf,1458,19741,5416.28,2839308,3471433,5132.0,168864233,0.076744,0.900549,661.3398,100.48,157.546
exp5,wrapper-85,mp1-9_29.cnf,1458,19741,1227.2,4155199,5187231,9694.0,302070325,0.076744,0.900549,661.3398,100.48,157.546
exp2,COMiniSatPS-0,mp1-9_29.cnf,1458,19741,75.8925,478595,579150,492.0,36093637,0.076744,0.900549,661.3398,100.48,157.546
exp5,wrapper-base,mp1-9_29.cnf,1458,19741,1285.53,5282718,6431691,8639.0,374314439,0.076744,0.900549,661.3398,100.48,157.546
exp2,COMiniSatPS-6,mp1-9_29.cnf,1458,19741,75.1866,461072,560662,642.0,35767800,0.076744,0.900549,661.3398,100.48,157.546
exp2,glucose,mp1-9_29.cnf,1458,19741,930.504,3580274,4361620,4367.0,217924147,0.076744,0.900549,661.3398,100.48,157.546
exp2,COMiniSatPS-5,mp1-9_29.cnf,1458,19741,282.572,1107176,1298245,1147.0,87592656,0.076744,0.900549,661.3398,100.48,157.546
exp4,wrapper-glucose,mp1-9_29.cnf,1458,19741,2349.63,6847691,8472703,18339.0,492118900,0.076744,0.900549,661.3398,100.48,157.546
exp2,COMiniSatPS-4,mp1-9_29.cnf,1458,19741,114.472,625113,746765,667.0,48414024,0.076744,0.900549,661.3398,100.48,157.546
exp3,wrapperLBD,mp1-9_29.cnf,1458,19741,2425.09,6847691,8472703,18339.0,492118900,0.076744,0.900549,661.3398,100.48,157.546
exp5,wrapper-60,mp1-9_29.cnf,1458,19741,1214.06,3456924,4387484,4819.0,232737028,0.076744,0.900549,661.3398,100.48,157.546
exp1,glucose,mp1-9_29.cnf,1458,19741,1078.51,3580274,4361620,4367.0,217924147,0.076744,0.900549,661.3398,100.48,157.546
exp5,wrapper-95,mp1-9_29.cnf,1458,19741,830.963,3312676,3958794,3710.0,252721507,0.076744,0.900549,661.3398,100.48,157.546
exp4,wrapper-luby,mp1-9_29.cnf,1458,19741,2622.05,6921544,8408448,11260.0,481917670,0.076744,0.900549,661.3398,100.48,157.546
exp2,COMiniSatPS-3,mp1-9_29.cnf,1458,19741,107.603,818433,968683,758.0,63334581,0.076744,0.900549,661.3398,100.48,157.546
exp2,lingeling-aqw,mp1-9_29.cnf,1458,280144,2556.9,7860257,13855374,,597060770,0.076744,0.900549,661.3398,100.48,157.546
exp2,SWDiA5BY,mp1-9_29.cnf,1458,19741,378.715,1834397,2280105,2244.0,107354317,0.076744,0.900549,661.3398,100.48,157.546
exp2,lingeling-ayv,mp1-9_29.cnf,1458,280144,2326.2,9649933,12242713,,607441636,0.076744,0.900549,661.3398,100.48,157.546
exp2,glucose,mp1-klieber2017s-0490-024-t12.cnf,30503,91434,832.945,1223558,1283023,715.0,1223894796,0.0,1.0,1.0,0.0,479.282
exp1,glucose-NR,mp1-klieber2017s-0490-024-t12.cnf,30503,91434,515.006,556831,585891,163.0,547570513,0.0,1.0,1.0,0.0,479.282
exp2,COMiniSatPS-0,mp1-klieber2017s-0490-024-t12.cnf,30503,91434,4063.94,1698151,1762593,139.0,6734757725,0.0,1.0,1.0,0.0,479.282
exp3,wrapperLBD,mp1-klieber2017s-0490-024-t12.cnf,30503,91434,230.989,426638,491282,2103.0,485400419,0.0,1.0,1.0,0.0,479.282
exp1,glucose,mp1-klieber2017s-0490-024-t12.cnf,30503,91434,868.892,1223558,1283023,715.0,1223894796,0.0,1.0,1.0,0.0,479.282
exp5,wrapper-base,mp1-klieber2017s-0490-024-t12.cnf,30503,91434,15.3157,52520,64526,83.0,54803261,0.0,1.0,1.0,0.0,479.282
exp2,COMiniSatPS-4,mp1-klieber2017s-0490-024-t12.cnf,30503,91434,2502.51,1255016,1307789,146.0,4844583162,0.0,1.0,1.0,0.0,479.282
exp2,COMiniSatPS-1,mp1-klieber2017s-0490-024-t12.cnf,30503,91434,4541.21,2225602,2326153,166.0,8491547306,0.0,1.0,1.0,0.0,479.282
exp2,lingeling-aqw,mp1-klieber2017s-0490-024-t12.cnf,30503,91448,649.1,1223015,1393196,,958241366,0.0,1.0,1.0,0.0,479.282
exp2,COMiniSatPS-2,mp1-klieber2017s-0490-024-t12.cnf,30503,91434,3566.66,2316788,2414279,158.0,8928756594,0.0,1.0,1.0,0.0,479.282
exp5,wrapper-60,mp1-klieber2017s-0490-024-t12.cnf,30503,91434,3180.87,3905777,4627438,2963.0,4291331613,0.0,1.0,1.0,0.0,479.282
exp5,wrapper-85,mp1-klieber2017s-0490-024-t12.cnf,30503,91434,346.721,690820,756866,1720.0,739173262,0.0,1.0,1.0,0.0,479.282
exp2,SWDiA5BY,mp1-klieber2017s-0490-024-t12.cnf,30503,91434,745.259,1689392,1767916,623.0,1687639998,0.0,1.0,1.0,0.0,479.282
exp4,wrapper-luby,mp1-klieber2017s-0490-024-t12.cnf,30503,91434,310.093,688257,764135,1506.0,707802841,0.0,1.0,1.0,0.0,479.282
exp3,wrapperClause,mp1-klieber2017s-0490-024-t12.cnf,30503,91434,547.274,946691,1014468,452.0,1008447662,0.0,1.0,1.0,0.0,479.282
exp2,COMiniSatPS-6,mp1-klieber2017s-0490-024-t12.cnf,30503,91434,3846.96,1662203,1721235,159.0,6605333581,0.0,1.0,1.0,0.0,479.282
exp2,lingeling-ayv,mp1-klieber2017s-0490-024-t12.cnf,30503,91448,378.3,641395,732708,,501739392,0.0,1.0,1.0,0.0,479.282
exp2,COMiniSatPS-5,mp1-klieber2017s-0490-024-t12.cnf,30503,91434,3096.92,1439092,1494305,168.0,5641361810,0.0,1.0,1.0,0.0,479.282
exp2,COMiniSatPS-3,mp1-klieber2017s-0490-024-t12.cnf,30503,91434,1594.48,756147,794135,117.0,2866739482,0.0,1.0,1.0,0.0,479.282
exp5,wrapper-95,mp1-klieber2017s-0490-024-t12.cnf,30503,91434,699.811,1365001,1470166,2304.0,1440540725,0.0,1.0,1.0,0.0,479.282
exp4,wrapper-glucose,mp1-klieber2017s-0490-024-t12.cnf,30503,91434,226.928,426638,491282,2103.0,485400419,0.0,1.0,1.0,0.0,479.282
exp2,COMiniSatPS-0,mp1-qpr-bmp280-driver-5.cnf,24070,98559,4.02039,42220,95754,258.0,12901861,0.588079,0.310096,7.63679e+72,0.0,323.798
exp2,SWDiA5BY,mp1-qpr-bmp280-driver-5.cnf,24070,98559,120.568,755642,1109817,2091.0,165845560,0.588079,0.310096,7.63679e+72,0.0,323.798
exp4,wrapper-luby,mp1-qpr-bmp280-driver-5.cnf,24070,98559,456.9,1753207,2344656,3366.0,291338844,0.588079,0.310096,7.63679e+72,0.0,323.798
exp2,COMiniSatPS-5,mp1-qpr-bmp280-driver-5.cnf,24070,98559,0.311952,2239,10331,18.0,961279,0.588079,0.310096,7.63679e+72,0.0,323.798
exp5,wrapper-60,mp1-qpr-bmp280-driver-5.cnf,24070,98559,4.78327,49402,86400,218.0,11967266,0.588079,0.310096,7.63679e+72,0.0,323.798
exp2,glucose,mp1-qpr-bmp280-driver-5.cnf,24070,98559,0.540917,2325,11370,12.0,588988,0.588079,0.310096,7.63679e+72,0.0,323.798
exp1,glucose,mp1-qpr-bmp280-driver-5.cnf,24070,98559,0.483926,2325,11370,12.0,588988,0.588079,0.310096,7.63679e+72,0.0,323.798
exp2,COMiniSatPS-3,mp1-qpr-bmp280-driver-5.cnf,24070,98559,1.81272,17406,46261,135.0,6040947,0.588079,0.310096,7.63679e+72,0.0,323.798
exp2,COMiniSatPS-1,mp1-qpr-bmp280-driver-5.cnf,24070,98559,3.2785,42220,95754,258.0,12901861,0.588079,0.310096,7.63679e+72,0.0,323.798
exp5,wrapper-85,mp1-qpr-bmp280-driver-5.cnf,24070,98559,1.15882,10772,28789,97.0,2698811,0.588079,0.310096,7.63679e+72,0.0,323.798
exp5,wrapper-95,mp1-qpr-bmp280-driver-5.cnf,24070,98559,0.563914,1834,9254,18.0,603105,0.588079,0.310096,7.63679e+72,0.0,323.798
exp3,wrapperLBD,mp1-qpr-bmp280-driver-5.cnf,24070,98559,0.911861,9263,21775,53.0,1602737,0.588079,0.310096,7.63679e+72,0.0,323.798
exp3,wrapperClause,mp1-qpr-bmp280-driver-5.cnf,24070,98559,183.099,1040295,1475025,3763.0,252580595,0.588079,0.310096,7.63679e+72,0.0,323.798
exp2,COMiniSatPS-6,mp1-qpr-bmp280-driver-5.cnf,24070,98559,3.04754,28964,63143,162.0,9332149,0.588079,0.310096,7.63679e+72,0.0,323.798
exp2,lingeling-ayv,mp1-qpr-bmp280-driver-5.cnf,24070,98559,29.5,42090,123167,,11574642,0.588079,0.310096,7.63679e+72,0.0,323.798
exp2,lingeling-aqw,mp1-qpr-bmp280-driver-5.cnf,24070,98559,27.5,89651,152584,,18409021,0.588079,0.310096,7.63679e+72,0.0,323.798
exp4,wrapper-glucose,mp1-qpr-bmp280-driver-5.cnf,24070,98559,0.923859,9263,21775,53.0,1602737,0.588079,0.310096,7.63679e+72,0.0,323.798
exp2,COMiniSatPS-4,mp1-qpr-bmp280-driver-5.cnf,24070,98559,0.219966,1486,9165,8.0,594505,0.588079,0.310096,7.63679e+72,0.0,323.798
exp1,glucose-NR,mp1-qpr-bmp280-driver-5.cnf,24070,98559,15.6326,112826,181994,311.0,23550967,0.588079,0.310096,7.63679e+72,0.0,323.798
exp5,wrapper-base,mp1-qpr-bmp280-driver-5.cnf,24070,98559,1.40079,16584,34226,86.0,2641790,0.588079,0.310096,7.63679e+72,0.0,323.798
exp2,COMiniSatPS-2,mp1-qpr-bmp280-driver-5.cnf,24070,98559,3.10653,42220,95754,258.0,12901861,0.588079,0.310096,7.63679e+72,0.0,323.798
exp2,lingeling-aqw,mp1-9_1.cnf,1458,280142,760.2,4085385,8018199,,308256892,0.041152,0.958848,32.0,0.0,163.309
exp2,COMiniSatPS-0,mp1-9_1.cnf,1458,20086,108.59,800428,954288,657.0,61479344,0.041152,0.958848,32.0,0.0,163.309
exp2,COMiniSatPS-4,mp1-9_1.cnf,1458,20086,135.912,721682,867516,770.0,55319112,0.041152,0.958848,32.0,0.0,163.309
exp1,glucose-NR,mp1-9_1.cnf,1458,20086,4201.8,2604596,3175992,6068.0,154642140,0.041152,0.958848,32.0,0.0,163.309
exp3,wrapperLBD,mp1-9_1.cnf,1458,20086,1581.35,5189708,6530525,16031.0,361528815,0.041152,0.958848,32.0,0.0,163.309
exp5,wrapper-60,mp1-9_1.cnf,1458,20086,890.336,3033101,3822359,5367.0,206346046,0.041152,0.958848,32.0,0.0,163.309
exp2,SWDiA5BY,mp1-9_1.cnf,1458,20086,1595.97,4501479,5491225,8581.0,277165741,0.041152,0.958848,32.0,0.0,163.309
exp1,glucose,mp1-9_1.cnf,1458,20086,914.977,3172791,3849273,6426.0,193475087,0.041152,0.958848,32.0,0.0,163.309
exp2,glucose,mp1-9_1.cnf,1458,20086,981.388,3172791,3849273,6426.0,193475087,0.041152,0.958848,32.0,0.0,163.309
exp5,wrapper-85,mp1-9_1.cnf,1458,20086,1100.91,4576936,5601572,10538.0,324209054,0.041152,0.958848,32.0,0.0,163.309
exp2,lingeling-ayv,mp1-9_1.cnf,1458,280142,1106.3,6034256,7719355,,406085578,0.041152,0.958848,32.0,0.0,163.309
exp5,wrapper-95,mp1-9_1.cnf,1458,20086,1008.7,4148856,4922871,3303.0,292910529,0.041152,0.958848,32.0,0.0,163.309
exp2,COMiniSatPS-3,mp1-9_1.cnf,1458,20086,145.163,920974,1102495,980.0,70414212,0.041152,0.958848,32.0,0.0,163.309
exp2,COMiniSatPS-6,mp1-9_1.cnf,1458,20086,94.9686,500307,605979,523.0,37976754,0.041152,0.958848,32.0,0.0,163.309
exp4,wrapper-luby,mp1-9_1.cnf,1458,20086,672.529,2508240,3049532,4236.0,175095914,0.041152,0.958848,32.0,0.0,163.309
exp2,COMiniSatPS-2,mp1-9_1.cnf,1458,20086,99.4939,897577,1073180,762.0,69153007,0.041152,0.958848,32.0,0.0,163.309
exp2,COMiniSatPS-5,mp1-9_1.cnf,1458,20086,13.417,133217,170831,239.0,10030812,0.041152,0.958848,32.0,0.0,163.309
exp2,COMiniSatPS-1,mp1-9_1.cnf,1458,20086,106.134,750089,899975,696.0,57034983,0.041152,0.958848,32.0,0.0,163.309
exp5,wrapper-base,mp1-9_1.cnf,1458,20086,1887.87,5725028,7016181,11777.0,395312335,0.041152,0.958848,32.0,0.0,163.309
exp4,wrapper-glucose,mp1-9_1.cnf,1458,20086,1981.59,5189708,6530525,16031.0,361528815,0.041152,0.958848,32.0,0.0,163.309
exp3,wrapperClause,mp1-9_1.cnf,1458,20086,1142.11,4534084,5579673,10349.0,321174527,0.041152,0.958848,32.0,0.0,163.309
exp2,COMiniSatPS-6,e2a_2.c.smt2-cvc4.cnf,7114,34725,0.017997,78,4593,1.0,30979,0.681204,0.196514,5.643089e+170,0.0,0.010998
exp4,wrapper-luby,e2a_2.c.smt2-cvc4.cnf,7114,34725,0.108983,51,2201,1.0,17680,0.681204,0.196514,5.643089e+170,0.0,0.010998
exp1,glucose,e2a_2.c.smt2-cvc4.cnf,7114,34725,0.092985,72,2780,1.0,19434,0.681204,0.196514,5.643089e+170,0.0,0.010998
exp2,lingeling-aqw,e2a_2.c.smt2-cvc4.cnf,7114,34725,0.4,98,3883,,33347,0.681204,0.196514,5.643089e+170,0.0,0.010998
exp3,wrapperClause,e2a_2.c.smt2-cvc4.cnf,7114,34725,0.075988,51,2201,1.0,17680,0.681204,0.196514,5.643089e+170,0.0,0.010998
exp2,COMiniSatPS-3,e2a_2.c.smt2-cvc4.cnf,7114,34725,0.020996,78,4593,1.0,30979,0.681204,0.196514,5.643089e+170,0.0,0.010998
exp2,glucose,e2a_2.c.smt2-cvc4.cnf,7114,34725,0.076988,72,2780,1.0,19434,0.681204,0.196514,5.643089e+170,0.0,0.010998
exp5,wrapper-85,e2a_2.c.smt2-cvc4.cnf,7114,34725,0.106983,37,2093,1.0,16583,0.681204,0.196514,5.643089e+170,0.0,0.010998
exp5,wrapper-95,e2a_2.c.smt2-cvc4.cnf,7114,34725,0.109983,37,2093,1.0,16583,0.681204,0.196514,5.643089e+170,0.0,0.010998
exp3,wrapperLBD,e2a_2.c.smt2-cvc4.cnf,7114,34725,0.112982,51,2201,1.0,17680,0.681204,0.196514,5.643089e+170,0.0,0.010998
exp2,COMiniSatPS-0,e2a_2.c.smt2-cvc4.cnf,7114,34725,0.017997,78,4593,1.0,30979,0.681204,0.196514,5.643089e+170,0.0,0.010998
exp2,COMiniSatPS-4,e2a_2.c.smt2-cvc4.cnf,7114,34725,0.020996,78,4593,1.0,30979,0.681204,0.196514,5.643089e+170,0.0,0.010998
exp1,glucose-NR,e2a_2.c.smt2-cvc4.cnf,7114,34725,0.095985,72,2780,1.0,19434,0.681204,0.196514,5.643089e+170,0.0,0.010998
exp5,wrapper-60,e2a_2.c.smt2-cvc4.cnf,7114,34725,0.079987,37,2093,1.0,16583,0.681204,0.196514,5.643089e+170,0.0,0.010998
exp4,wrapper-glucose,e2a_2.c.smt2-cvc4.cnf,7114,34725,0.110983,51,2201,1.0,17680,0.681204,0.196514,5.643089e+170,0.0,0.010998
exp5,wrapper-base,e2a_2.c.smt2-cvc4.cnf,7114,34725,0.108983,51,2201,1.0,17680,0.681204,0.196514,5.643089e+170,0.0,0.010998
exp2,COMiniSatPS-1,e2a_2.c.smt2-cvc4.cnf,7114,34725,0.017997,78,4593,1.0,30979,0.681204,0.196514,5.643089e+170,0.0,0.010998
exp2,lingeling-ayv,e2a_2.c.smt2-cvc4.cnf,7114,34725,0.6,47,1989,,16100,0.681204,0.196514,5.643089e+170,0.0,0.010998
exp2,SWDiA5BY,e2a_2.c.smt2-cvc4.cnf,7114,34725,0.115982,72,2780,1.0,19434,0.681204,0.196514,5.643089e+170,0.0,0.010998
exp2,COMiniSatPS-2,e2a_2.c.smt2-cvc4.cnf,7114,34725,0.019996,78,4593,1.0,30979,0.681204,0.196514,5.643089e+170,0.0,0.010998
exp2,COMiniSatPS-5,e2a_2.c.smt2-cvc4.cnf,7114,34725,0.013997,78,4593,1.0,30979,0.681204,0.196514,5.643089e+170,0.0,0.010998
exp2,COMiniSatPS-0,gss-20-s100.cnf,31503,94548,8923.28,1988771,2127208,627.0,17615753608,0.0,1.0,1.0,0.0,15559.9
exp3,wrapperClause,gss-20-s100.cnf,31503,94548,157.272,96597,105809,64.0,636319719,0.0,1.0,1.0,0.0,15559.9
exp4,wrapper-glucose,gss-20-s100.cnf,31503,94548,1380.24,664556,711618,268.0,3754381928,0.0,1.0,1.0,0.0,15559.9
exp2,COMiniSatPS-4,gss-20-s100.cnf,31503,94548,7160.7,1654728,1773353,929.0,14302900995,0.0,1.0,1.0,0.0,15559.9
exp2,COMiniSatPS-1,gss-20-s100.cnf,31503,94548,10841.4,2598708,2841336,2058.0,22641696270,0.0,1.0,1.0,0.0,15559.9
exp2,COMiniSatPS-5,gss-20-s100.cnf,31503,94548,1561.07,779791,841713,292.0,7026474317,0.0,1.0,1.0,0.0,15559.9
exp2,lingeling-aqw,gss-20-s100.cnf,31503,94748,708.5,380404,441858,,1555555287,0.0,1.0,1.0,0.0,15559.9
exp5,wrapper-95,gss-20-s100.cnf,31503,94548,1243.36,568009,618870,800.0,3501218894,0.0,1.0,1.0,0.0,15559.9
exp2,COMiniSatPS-2,gss-20-s100.cnf,31503,94548,942.267,200185,223192,213.0,1686820886,0.0,1.0,1.0,0.0,15559.9
exp4,wrapper-luby,gss-20-s100.cnf,31503,94548,516.602,245118,272208,572.0,1471819342,0.0,1.0,1.0,0.0,15559.9
exp2,COMiniSatPS-3,gss-20-s100.cnf,31503,94548,5323.0,1362989,1461806,926.0,11983992153,0.0,1.0,1.0,0.0,15559.9
exp2,COMiniSatPS-6,gss-20-s100.cnf,31503,94548,8689.77,1862608,1987837,1012.0,16511306939,0.0,1.0,1.0,0.0,15559.9
exp5,wrapper-60,gss-20-s100.cnf,31503,94548,1844.6,879143,997106,2223.0,4357483777,0.0,1.0,1.0,0.0,15559.9
exp2,lingeling-ayv,gss-20-s100.cnf,31503,94748,1441.0,608387,674919,,2974722643,0.0,1.0,1.0,0.0,15559.9
exp5,wrapper-85,gss-20-s100.cnf,31503,94548,1311.57,624439,692022,1514.0,3742985651,0.0,1.0,1.0,0.0,15559.9
exp2,SWDiA5BY,gss-20-s100.cnf,31503,94548,448.135,229126,247221,20.0,1010795133,0.0,1.0,1.0,0.0,15559.9
exp1,glucose,gss-20-s100.cnf,31503,94548,3422.52,1413921,1505012,505.0,6621016188,0.0,1.0,1.0,0.0,15559.9
exp2,glucose,gss-20-s100.cnf,31503,94548,3446.88,1413921,1505012,505.0,6621016188,0.0,1.0,1.0,0.0,15559.9
exp5,wrapper-base,gss-20-s100.cnf,31503,94548,212.64,128461,141148,74.0,579209558,0.0,1.0,1.0,0.0,15559.9
exp3,wrapperLBD,gss-20-s100.cnf,31503,94548,1352.55,664556,711618,268.0,3754381928,0.0,1.0,1.0,0.0,15559.9
exp1,glucose-NR,gss-20-s100.cnf,31503,94548,434.893,167097,182664,51.0,720509212,0.0,1.0,1.0,0.0,15559.9
exp5,wrapper-95,mp1-klieber2017s-0490-023-t12.cnf,30833,92427,472.549,883104,933289,755.0,968668287,0.0,1.0,1.0,0.0,2324.5
exp4,wrapper-glucose,mp1-klieber2017s-0490-023-t12.cnf,30833,92427,416.517,1016609,1076161,519.0,1107098962,0.0,1.0,1.0,0.0,2324.5
exp2,COMiniSatPS-2,mp1-klieber2017s-0490-023-t12.cnf,30833,92427,1467.98,842717,880471,129.0,3333768952,0.0,1.0,1.0,0.0,2324.5
exp2,lingeling-aqw,mp1-klieber2017s-0490-023-t12.cnf,30833,92441,188.3,500897,573032,,405471811,0.0,1.0,1.0,0.0,2324.5
exp2,COMiniSatPS-1,mp1-klieber2017s-0490-023-t12.cnf,30833,92427,3119.78,1492990,1556941,162.0,5942494725,0.0,1.0,1.0,0.0,2324.5
exp2,COMiniSatPS-5,mp1-klieber2017s-0490-023-t12.cnf,30833,92427,1227.71,566495,592835,128.0,2251590584,0.0,1.0,1.0,0.0,2324.5
exp3,wrapperClause,mp1-klieber2017s-0490-023-t12.cnf,30833,92427,449.181,824357,884117,659.0,890961616,0.0,1.0,1.0,0.0,2324.5
exp5,wrapper-base,mp1-klieber2017s-0490-023-t12.cnf,30833,92427,81.7266,180412,203032,275.0,194321845,0.0,1.0,1.0,0.0,2324.5
exp1,glucose,mp1-klieber2017s-0490-023-t12.cnf,30833,92427,237.369,461815,487220,143.0,461730593,0.0,1.0,1.0,0.0,2324.5
exp1,glucose-NR,mp1-klieber2017s-0490-023-t12.cnf,30833,92427,1215.8,936790,976252,368.0,949139289,0.0,1.0,1.0,0.0,2324.5
exp3,wrapperLBD,mp1-klieber2017s-0490-023-t12.cnf,30833,92427,482.969,1016609,1076161,519.0,1107098962,0.0,1.0,1.0,0.0,2324.5
exp2,COMiniSatPS-0,mp1-klieber2017s-0490-023-t12.cnf,30833,92427,1994.04,884888,921725,131.0,3573579106,0.0,1.0,1.0,0.0,2324.5
exp2,COMiniSatPS-4,mp1-klieber2017s-0490-023-t12.cnf,30833,92427,944.896,505577,529899,115.0,2004363108,0.0,1.0,1.0,0.0,2324.5
exp5,wrapper-85,mp1-klieber2017s-0490-023-t12.cnf,30833,92427,92.032,262969,284656,423.0,281761732,0.0,1.0,1.0,0.0,2324.5
exp5,wrapper-60,mp1-klieber2017s-0490-023-t12.cnf,30833,92427,242.62,430076,541708,269.0,503853685,0.0,1.0,1.0,0.0,2324.5
exp2,lingeling-ayv,mp1-klieber2017s-0490-023-t12.cnf,30833,92441,671.0,1007278,1129514,,795187889,0.0,1.0,1.0,0.0,2324.5
exp2,COMiniSatPS-6,mp1-klieber2017s-0490-023-t12.cnf,30833,92427,1036.72,463352,485710,118.0,1830308107,0.0,1.0,1.0,0.0,2324.5
exp2,COMiniSatPS-3,mp1-klieber2017s-0490-023-t12.cnf,30833,92427,2015.69,1017333,1058762,134.0,4096946350,0.0,1.0,1.0,0.0,2324.5
exp2,glucose,mp1-klieber2017s-0490-023-t12.cnf,30833,92427,264.819,461815,487220,143.0,461730593,0.0,1.0,1.0,0.0,2324.5
exp4,wrapper-luby,mp1-klieber2017s-0490-023-t12.cnf,30833,92427,734.45,1257301,1356258,2396.0,1376481638,0.0,1.0,1.0,0.0,2324.5
exp2,SWDiA5BY,mp1-klieber2017s-0490-023-t12.cnf,30833,92427,557.794,987134,1032140,225.0,1010804363,0.0,1.0,1.0,0.0,2324.5
exp2,COMiniSatPS-5,mp1-klieber2017s-0500-022-t12.cnf,30894,92613,373.376,196446,208263,84.0,802895812,0.0,1.0,1.0,0.0,733.0
exp2,glucose,mp1-klieber2017s-0500-022-t12.cnf,30894,92613,61.5416,134566,144825,6.0,135198646,0.0,1.0,1.0,0.0,733.0
exp1,glucose-NR,mp1-klieber2017s-0500-022-t12.cnf,30894,92613,172.884,237124,252529,85.0,241856224,0.0,1.0,1.0,0.0,733.0
exp2,COMiniSatPS-0,mp1-klieber2017s-0500-022-t12.cnf,30894,92613,728.533,401135,420812,106.0,1674785019,0.0,1.0,1.0,0.0,733.0
exp3,wrapperLBD,mp1-klieber2017s-0500-022-t12.cnf,30894,92613,127.98,246507,266193,132.0,274728307,0.0,1.0,1.0,0.0,733.0
exp1,glucose,mp1-klieber2017s-0500-022-t12.cnf,30894,92613,62.7695,134566,144825,6.0,135198646,0.0,1.0,1.0,0.0,733.0
exp2,COMiniSatPS-3,mp1-klieber2017s-0500-022-t12.cnf,30894,92613,140.51,89020,96729,63.0,355423997,0.0,1.0,1.0,0.0,733.0
exp5,wrapper-base,mp1-klieber2017s-0500-022-t12.cnf,30894,92613,65.997,139015,153108,97.0,152121198,0.0,1.0,1.0,0.0,733.0
exp2,COMiniSatPS-4,mp1-klieber2017s-0500-022-t12.cnf,30894,92613,1184.66,524341,547453,106.0,2206851367,0.0,1.0,1.0,0.0,733.0
exp2,lingeling-aqw,mp1-klieber2017s-0500-022-t12.cnf,30894,92627,109.3,203967,236195,,170877841,0.0,1.0,1.0,0.0,733.0
exp2,COMiniSatPS-2,mp1-klieber2017s-0500-022-t12.cnf,30894,92613,360.02,184926,197026,79.0,751607118,0.0,1.0,1.0,0.0,733.0
exp5,wrapper-60,mp1-klieber2017s-0500-022-t12.cnf,30894,92613,76.7093,144993,184096,101.0,169411473,0.0,1.0,1.0,0.0,733.0
exp5,wrapper-85,mp1-klieber2017s-0500-022-t12.cnf,30894,92613,155.875,297541,324303,822.0,335292937,0.0,1.0,1.0,0.0,733.0
exp2,COMiniSatPS-1,mp1-klieber2017s-0500-022-t12.cnf,30894,92613,1092.16,540367,566321,112.0,2249933010,0.0,1.0,1.0,0.0,733.0
exp2,SWDiA5BY,mp1-klieber2017s-0500-022-t12.cnf,30894,92613,16.2885,37378,43059,8.0,37139955,0.0,1.0,1.0,0.0,733.0
exp4,wrapper-luby,mp1-klieber2017s-0500-022-t12.cnf,30894,92613,63.3264,125916,144853,340.0,137110966,0.0,1.0,1.0,0.0,733.0
exp2,COMiniSatPS-6,mp1-klieber2017s-0500-022-t12.cnf,30894,92613,520.292,213141,225669,86.0,881852879,0.0,1.0,1.0,0.0,733.0
exp3,wrapperClause,mp1-klieber2017s-0500-022-t12.cnf,30894,92613,67.3318,126283,138670,24.0,143793734,0.0,1.0,1.0,0.0,733.0
exp2,lingeling-ayv,mp1-klieber2017s-0500-022-t12.cnf,30894,92627,273.7,478885,540779,,392039606,0.0,1.0,1.0,0.0,733.0
exp5,wrapper-95,mp1-klieber2017s-0500-022-t12.cnf,30894,92613,24.5253,72927,77719,22.0,81118141,0.0,1.0,1.0,0.0,733.0
exp4,wrapper-glucose,mp1-klieber2017s-0500-022-t12.cnf,30894,92613,126.798,246507,266193,132.0,274728307,0.0,1.0,1.0,0.0,733.0
exp2,COMiniSatPS-6,mp1-klieber2017s-0500-024-t12.cnf,30935,92730,1638.52,735237,769747,115.0,2845359531,0.0,1.0,1.0,0.0,726.361
exp2,lingeling-aqw,mp1-klieber2017s-0500-024-t12.cnf,30935,92744,92.6,239719,281225,,193575774,0.0,1.0,1.0,0.0,726.361
exp2,COMiniSatPS-2,mp1-klieber2017s-0500-024-t12.cnf,30935,92730,409.583,229880,246240,76.0,871789748,0.0,1.0,1.0,0.0,726.361
exp5,wrapper-95,mp1-klieber2017s-0500-024-t12.cnf,30935,92730,833.541,1634558,1719615,819.0,1775300795,0.0,1.0,1.0,0.0,726.361
exp2,COMiniSatPS-3,mp1-klieber2017s-0500-024-t12.cnf,30935,92730,3296.96,1772172,1847086,152.0,6987872088,0.0,1.0,1.0,0.0,726.361
exp2,SWDiA5BY,mp1-klieber2017s-0500-024-t12.cnf,30935,92730,784.209,1416941,1503749,1367.0,1384827648,0.0,1.0,1.0,0.0,726.361
exp5,wrapper-60,mp1-klieber2017s-0500-024-t12.cnf,30935,92730,2434.7,3264748,3907895,2823.0,3658436201,0.0,1.0,1.0,0.0,726.361
exp3,wrapperClause,mp1-klieber2017s-0500-024-t12.cnf,30935,92730,542.213,1101301,1211038,2626.0,1177758820,0.0,1.0,1.0,0.0,726.361
exp2,glucose,mp1-klieber2017s-0500-024-t12.cnf,30935,92730,236.432,404430,431854,302.0,409573222,0.0,1.0,1.0,0.0,726.361
exp1,glucose-NR,mp1-klieber2017s-0500-024-t12.cnf,30935,92730,465.426,490155,516307,61.0,476984379,0.0,1.0,1.0,0.0,726.361
exp5,wrapper-85,mp1-klieber2017s-0500-024-t12.cnf,30935,92730,139.501,369025,398858,442.0,391632277,0.0,1.0,1.0,0.0,726.361
exp4,wrapper-glucose,mp1-klieber2017s-0500-024-t12.cnf,30935,92730,755.844,1347663,1436231,1053.0,1450796664,0.0,1.0,1.0,0.0,726.361
exp2,COMiniSatPS-4,mp1-klieber2017s-0500-024-t12.cnf,30935,92730,3092.59,1474686,1535842,135.0,5791378006,0.0,1.0,1.0,0.0,726.361
exp2,COMiniSatPS-5,mp1-klieber2017s-0500-024-t12.cnf,30935,92730,3134.31,1380876,1436530,130.0,5448263902,0.0,1.0,1.0,0.0,726.361
exp2,COMiniSatPS-0,mp1-klieber2017s-0500-024-t12.cnf,30935,92730,1660.78,786946,826399,119.0,3041430985,0.0,1.0,1.0,0.0,726.361
exp3,wrapperLBD,mp1-klieber2017s-0500-024-t12.cnf,30935,92730,722.848,1347663,1436231,1053.0,1450796664,0.0,1.0,1.0,0.0,726.361
exp5,wrapper-base,mp1-klieber2017s-0500-024-t12.cnf,30935,92730,191.65,544762,586356,491.0,587215583,0.0,1.0,1.0,0.0,726.361
exp1,glucose,mp1-klieber2017s-0500-024-t12.cnf,30935,92730,164.592,404430,431854,302.0,409573222,0.0,1.0,1.0,0.0,726.361
exp2,COMiniSatPS-1,mp1-klieber2017s-0500-024-t12.cnf,30935,92730,4111.17,2285805,2391924,164.0,8774752795,0.0,1.0,1.0,0.0,726.361
exp2,lingeling-ayv,mp1-klieber2017s-0500-024-t12.cnf,30935,92744,907.0,1549694,1737569,,1215046973,0.0,1.0,1.0,0.0,726.361
exp4,wrapper-luby,mp1-klieber2017s-0500-024-t12.cnf,30935,92730,933.248,1534011,1667758,3041.0,1647541606,0.0,1.0,1.0,0.0,726.361
exp2,COMiniSatPS-5,e2_2.c.smt2-cvc4.cnf,8443,39060,0.050992,421,10917,2.0,214705,0.716421,0.177899,8.070697e+227,0.0,0.020996
exp5,wrapper-85,e2_2.c.smt2-cvc4.cnf,8443,39060,0.090986,34,2433,1.0,17216,0.716421,0.177899,8.070697e+227,0.0,0.020996
exp5,wrapper-60,e2_2.c.smt2-cvc4.cnf,8443,39060,0.123981,34,2433,1.0,17216,0.716421,0.177899,8.070697e+227,0.0,0.020996
exp3,wrapperClause,e2_2.c.smt2-cvc4.cnf,8443,39060,0.092985,35,2607,1.0,16601,0.716421,0.177899,8.070697e+227,0.0,0.020996
exp2,COMiniSatPS-1,e2_2.c.smt2-cvc4.cnf,8443,39060,0.048992,421,10917,2.0,214705,0.716421,0.177899,8.070697e+227,0.0,0.020996
exp5,wrapper-95,e2_2.c.smt2-cvc4.cnf,8443,39060,0.12598,34,2433,1.0,17216,0.716421,0.177899,8.070697e+227,0.0,0.020996
exp4,wrapper-glucose,e2_2.c.smt2-cvc4.cnf,8443,39060,0.12698,35,2607,1.0,16601,0.716421,0.177899,8.070697e+227,0.0,0.020996
exp2,lingeling-aqw,e2_2.c.smt2-cvc4.cnf,8443,39060,0.7,287,9757,,130231,0.716421,0.177899,8.070697e+227,0.0,0.020996
exp4,wrapper-luby,e2_2.c.smt2-cvc4.cnf,8443,39060,0.123981,35,2607,1.0,16601,0.716421,0.177899,8.070697e+227,0.0,0.020996
exp2,COMiniSatPS-6,e2_2.c.smt2-cvc4.cnf,8443,39060,0.052991,421,10917,2.0,214705,0.716421,0.177899,8.070697e+227,0.0,0.020996
exp2,lingeling-ayv,e2_2.c.smt2-cvc4.cnf,8443,39060,0.6,114,5908,,46105,0.716421,0.177899,8.070697e+227,0.0,0.020996
exp2,COMiniSatPS-2,e2_2.c.smt2-cvc4.cnf,8443,39060,0.066989,421,10917,2.0,214705,0.716421,0.177899,8.070697e+227,0.0,0.020996
exp2,SWDiA5BY,e2_2.c.smt2-cvc4.cnf,8443,39060,0.091986,36,2194,1.0,17451,0.716421,0.177899,8.070697e+227,0.0,0.020996
exp2,glucose,e2_2.c.smt2-cvc4.cnf,8443,39060,0.117982,36,2194,1.0,17451,0.716421,0.177899,8.070697e+227,0.0,0.020996
exp2,COMiniSatPS-4,e2_2.c.smt2-cvc4.cnf,8443,39060,0.050992,421,10917,2.0,214705,0.716421,0.177899,8.070697e+227,0.0,0.020996
exp2,COMiniSatPS-0,e2_2.c.smt2-cvc4.cnf,8443,39060,0.069989,421,10917,2.0,214705,0.716421,0.177899,8.070697e+227,0.0,0.020996
exp1,glucose-NR,e2_2.c.smt2-cvc4.cnf,8443,39060,0.079987,36,2194,1.0,17451,0.716421,0.177899,8.070697e+227,0.0,0.020996
exp2,COMiniSatPS-3,e2_2.c.smt2-cvc4.cnf,8443,39060,0.051992,421,10917,2.0,214705,0.716421,0.177899,8.070697e+227,0.0,0.020996
exp5,wrapper-base,e2_2.c.smt2-cvc4.cnf,8443,39060,0.12798,35,2607,1.0,16601,0.716421,0.177899,8.070697e+227,0.0,0.020996
exp3,wrapperLBD,e2_2.c.smt2-cvc4.cnf,8443,39060,0.124981,35,2607,1.0,16601,0.716421,0.177899,8.070697e+227,0.0,0.020996
exp1,glucose,e2_2.c.smt2-cvc4.cnf,8443,39060,0.079987,36,2194,1.0,17451,0.716421,0.177899,8.070697e+227,0.0,0.020996
exp2,COMiniSatPS-5,mp1-9_3.cnf,1458,17879,22.9985,170044,208807,392.0,12998746,0.054491,0.942387,64.0,14.304,52.86
exp2,SWDiA5BY,mp1-9_3.cnf,1458,17879,24.8892,223809,279376,199.0,12527360,0.054491,0.942387,64.0,14.304,52.86
exp1,glucose,mp1-9_3.cnf,1458,17879,27.8028,225574,283807,321.0,12361944,0.054491,0.942387,64.0,14.304,52.86
exp2,lingeling-ayv,mp1-9_3.cnf,1458,280144,170.3,1247123,1592823,,79831717,0.054491,0.942387,64.0,14.304,52.86
exp3,wrapperClause,mp1-9_3.cnf,1458,17879,121.754,648695,819459,1967.0,45582551,0.054491,0.942387,64.0,14.304,52.86
exp5,wrapper-base,mp1-9_3.cnf,1458,17879,9.2106,99683,127828,96.0,6473620,0.054491,0.942387,64.0,14.304,52.86
exp5,wrapper-95,mp1-9_3.cnf,1458,17879,115.325,690582,828975,531.0,48423199,0.054491,0.942387,64.0,14.304,52.86
exp2,COMiniSatPS-0,mp1-9_3.cnf,1458,17879,11.1243,104205,132267,180.0,7682591,0.054491,0.942387,64.0,14.304,52.86
exp3,wrapperLBD,mp1-9_3.cnf,1458,17879,85.636,659131,839365,1804.0,44428498,0.054491,0.942387,64.0,14.304,52.86
exp2,COMiniSatPS-3,mp1-9_3.cnf,1458,17879,12.5391,137664,172809,321.0,10395569,0.054491,0.942387,64.0,14.304,52.86
exp1,glucose-NR,mp1-9_3.cnf,1458,17879,16.2715,102279,128081,36.0,5639320,0.054491,0.942387,64.0,14.304,52.86
exp5,wrapper-60,mp1-9_3.cnf,1458,17879,77.2223,460552,580811,456.0,29545828,0.054491,0.942387,64.0,14.304,52.86
exp2,lingeling-aqw,mp1-9_3.cnf,1458,280144,37.5,287551,599766,,21446578,0.054491,0.942387,64.0,14.304,52.86
exp2,glucose,mp1-9_3.cnf,1458,17879,29.9584,225574,283807,321.0,12361944,0.054491,0.942387,64.0,14.304,52.86
exp2,COMiniSatPS-1,mp1-9_3.cnf,1458,17879,39.139,385542,459094,512.0,30204884,0.054491,0.942387,64.0,14.304,52.86
exp4,wrapper-luby,mp1-9_3.cnf,1458,17879,296.35,1366033,1665190,2589.0,94275376,0.054491,0.942387,64.0,14.304,52.86
exp2,COMiniSatPS-2,mp1-9_3.cnf,1458,17879,35.5966,260684,315387,439.0,20443110,0.054491,0.942387,64.0,14.304,52.86
exp4,wrapper-glucose,mp1-9_3.cnf,1458,17879,88.1296,659131,839365,1804.0,44428498,0.054491,0.942387,64.0,14.304,52.86
exp5,wrapper-85,mp1-9_3.cnf,1458,17879,203.123,1002040,1243518,2610.0,72120396,0.054491,0.942387,64.0,14.304,52.86
exp2,COMiniSatPS-4,mp1-9_3.cnf,1458,17879,13.108,145593,180467,287.0,10809407,0.054491,0.942387,64.0,14.304,52.86
exp2,COMiniSatPS-6,mp1-9_3.cnf,1458,17879,40.0409,258087,313231,535.0,20151088,0.054491,0.942387,64.0,14.304,52.86
exp2,COMiniSatPS-3,aes_32_3_keyfind_2.cnf,708,2540,5478.06,19764213,20795164,5186.0,1986334058,0.0,1.0,1.0,0.0,1973.15
exp2,COMiniSatPS-4,aes_32_3_keyfind_2.cnf,708,2540,71658.0,71465156,75401027,87484.0,9688007292,0.0,1.0,1.0,0.0,1973.15
exp2,COMiniSatPS-5,aes_32_3_keyfind_2.cnf,708,2540,50995.6,48626254,51109833,36072.0,5982667735,0.0,1.0,1.0,0.0,1973.15
exp3,wrapperClause,aes_32_3_keyfind_2.cnf,708,2540,710.564,2845103,3080489,4830.0,175975047,0.0,1.0,1.0,0.0,1973.15
exp4,wrapper-luby,aes_32_3_keyfind_2.cnf,708,2540,2048.44,7036308,7568314,11460.0,438506937,0.0,1.0,1.0,0.0,1973.15
exp2,COMiniSatPS-6,aes_32_3_keyfind_2.cnf,0,0,0.0,0,0,0.0,0,0.0,1.0,1.0,0.0,1973.15
exp3,wrapperLBD,aes_32_3_keyfind_2.cnf,708,2540,34927.2,70180001,73211524,39866.0,5021702319,0.0,1.0,1.0,0.0,1973.15
exp2,SWDiA5BY,aes_32_3_keyfind_2.cnf,708,2540,2486.22,8903975,9413889,2714.0,578943191,0.0,1.0,1.0,0.0,1973.15
exp2,COMiniSatPS-0,aes_32_3_keyfind_2.cnf,708,2540,1291.75,5848234,6270718,4647.0,570390441,0.0,1.0,1.0,0.0,1973.15
exp2,COMiniSatPS-1,aes_32_3_keyfind_2.cnf,708,2540,1170.56,9844812,10552663,7659.0,918849979,0.0,1.0,1.0,0.0,1973.15
exp5,wrapper-95,aes_32_3_keyfind_2.cnf,708,2540,786.781,3812955,4054339,4003.0,243097526,0.0,1.0,1.0,0.0,1973.15
exp1,glucose-NR,aes_32_3_keyfind_2.cnf,708,2540,14868.6,3859577,4104457,2648.0,254638797,0.0,1.0,1.0,0.0,1973.15
exp5,wrapper-base,aes_32_3_keyfind_2.cnf,708,2540,2416.25,8788731,9340253,7715.0,582780590,0.0,1.0,1.0,0.0,1973.15
exp2,COMiniSatPS-2,aes_32_3_keyfind_2.cnf,708,2540,3296.69,16169333,17208035,7757.0,1600467369,0.0,1.0,1.0,0.0,1973.15
exp1,glucose,aes_32_3_keyfind_2.cnf,708,2540,5709.36,13260601,14024979,4945.0,906728558,0.0,1.0,1.0,0.0,1973.15
exp2,glucose,aes_32_3_keyfind_2.cnf,708,2540,7680.78,13260601,14024979,4945.0,906728558,0.0,1.0,1.0,0.0,1973.15
exp4,wrapper-glucose,aes_32_3_keyfind_2.cnf,708,2540,37809.0,70180001,73211524,39866.0,5021702319,0.0,1.0,1.0,0.0,1973.15
exp2,lingeling-ayv,aes_32_3_keyfind_2.cnf,708,2664,336.5,1957482,2168765,,122396143,0.0,1.0,1.0,0.0,1973.15
exp5,wrapper-60,aes_32_3_keyfind_2.cnf,708,2540,733.122,2339558,2584993,6340.0,126712736,0.0,1.0,1.0,0.0,1973.15
exp2,lingeling-aqw,aes_32_3_keyfind_2.cnf,708,2664,1968.2,9413892,10162702,,636949309,0.0,1.0,1.0,0.0,1973.15
exp5,wrapper-85,aes_32_3_keyfind_2.cnf,708,2540,8484.29,19875573,21575362,47279.0,1307275896,0.0,1.0,1.0,0.0,1973.15
exp4,wrapper-luby,mp1-9_27.cnf,1458,23319,650.165,2701806,3405945,4649.0,180478256,0.111729,0.79904,11966.62,6.804,506.341
exp2,COMiniSatPS-3,mp1-9_27.cnf,1458,23319,146.304,938180,1139790,1330.0,68522191,0.111729,0.79904,11966.62,6.804,506.341
exp5,wrapper-60,mp1-9_27.cnf,1458,23319,269.483,1374845,1830653,2463.0,83489751,0.111729,0.79904,11966.62,6.804,506.341
exp2,COMiniSatPS-6,mp1-9_27.cnf,1458,23319,220.441,955314,1166052,1607.0,70343963,0.111729,0.79904,11966.62,6.804,506.341
exp2,lingeling-ayv,mp1-9_27.cnf,1458,280140,147.2,1391881,1858078,,85659019,0.111729,0.79904,11966.62,6.804,506.341
exp5,wrapper-85,mp1-9_27.cnf,1458,23319,22.1656,148673,205093,669.0,10647391,0.111729,0.79904,11966.62,6.804,506.341
exp2,COMiniSatPS-2,mp1-9_27.cnf,1458,23319,130.434,1068167,1287673,979.0,79915415,0.111729,0.79904,11966.62,6.804,506.341
exp2,glucose,mp1-9_27.cnf,1458,23319,45.4131,401403,560405,1269.0,20865660,0.111729,0.79904,11966.62,6.804,506.341
exp2,SWDiA5BY,mp1-9_27.cnf,1458,23319,631.676,2412184,3116159,6381.0,139341320,0.111729,0.79904,11966.62,6.804,506.341
exp2,COMiniSatPS-0,mp1-9_27.cnf,1458,23319,10.6374,151265,203421,342.0,9792528,0.111729,0.79904,11966.62,6.804,506.341
exp4,wrapper-glucose,mp1-9_27.cnf,1458,23319,191.189,1406153,1844404,3090.0,90366863,0.111729,0.79904,11966.62,6.804,506.341
exp2,COMiniSatPS-4,mp1-9_27.cnf,1458,23319,90.7862,679533,829056,653.0,49100276,0.111729,0.79904,11966.62,6.804,506.341
exp5,wrapper-base,mp1-9_27.cnf,1458,23319,637.316,2471260,3124750,3838.0,163905764,0.111729,0.79904,11966.62,6.804,506.341
exp3,wrapperClause,mp1-9_27.cnf,1458,23319,390.864,2388413,3039951,5329.0,159128180,0.111729,0.79904,11966.62,6.804,506.341
exp1,glucose-NR,mp1-9_27.cnf,1458,23319,201.585,391278,538817,1132.0,20485638,0.111729,0.79904,11966.62,6.804,506.341
exp5,wrapper-95,mp1-9_27.cnf,1458,23319,755.444,3344425,4078438,3107.0,230439825,0.111729,0.79904,11966.62,6.804,506.341
exp3,wrapperLBD,mp1-9_27.cnf,1458,23319,256.049,1406153,1844404,3090.0,90366863,0.111729,0.79904,11966.62,6.804,506.341
exp2,lingeling-aqw,mp1-9_27.cnf,1458,280140,122.6,1118301,2649207,,78760412,0.111729,0.79904,11966.62,6.804,506.341
exp2,COMiniSatPS-1,mp1-9_27.cnf,1458,23319,176.447,1495957,1792897,1384.0,111361477,0.111729,0.79904,11966.62,6.804,506.341
exp2,COMiniSatPS-5,mp1-9_27.cnf,1458,23319,300.743,1571148,1869062,1501.0,115596250,0.111729,0.79904,11966.62,6.804,506.341
exp1,glucose,mp1-9_27.cnf,1458,23319,41.8486,401403,560405,1269.0,20865660,0.111729,0.79904,11966.62,6.804,506.341
